x-axis,1,2,3
second,Volt,Volt,Volt
-98.000E-03,,,
-96.800E-03,-15.578E-03,-40.201E-03,-389.447E-03
-95.600E-03,-7.538E-03,-40.201E-03,-188.442E-03
-94.400E-03,-16.080E-03,-40.201E-03,+0.0E+00
-93.200E-03,+0.0E+00,-40.201E-03,-201.005E-03
-92.000E-03,-15.578E-03,+0.0E+00,-201.005E-03
-90.800E-03,-23.618E-03,-40.201E-03,-188.442E-03
-89.600E-03,-15.578E-03,-40.201E-03,+0.0E+00
-88.400E-03,-23.618E-03,-77.889E-03,-201.005E-03
-87.200E-03,+7.538E-03,-40.201E-03,+0.0E+00
-86.000E-03,-15.578E-03,-80.402E-03,-201.005E-03
-84.800E-03,-15.578E-03,-40.201E-03,-201.005E-03
-83.600E-03,-23.618E-03,-40.201E-03,-188.442E-03
-82.400E-03,-16.080E-03,-37.688E-03,-201.005E-03
-81.200E-03,+0.0E+00,-40.201E-03,+0.0E+00
-80.000E-03,+0.0E+00,-40.201E-03,+0.0E+00
-78.800E-03,-8.040E-03,-40.201E-03,-188.442E-03
-77.600E-03,-8.040E-03,-77.889E-03,-188.442E-03
-76.400E-03,+0.0E+00,-40.201E-03,-389.447E-03
-75.200E-03,-15.578E-03,-77.889E-03,-188.442E-03
-74.000E-03,+0.0E+00,-40.201E-03,+0.0E+00
-72.800E-03,-23.618E-03,-40.201E-03,-188.442E-03
-71.600E-03,-8.040E-03,-37.688E-03,-201.005E-03
-70.400E-03,-16.080E-03,-37.688E-03,-201.005E-03
-69.200E-03,-16.080E-03,-40.201E-03,+0.0E+00
-68.000E-03,-15.578E-03,-40.201E-03,-201.005E-03
-66.800E-03,+0.0E+00,-40.201E-03,-188.442E-03
-65.600E-03,-8.040E-03,-40.201E-03,-389.447E-03
-64.400E-03,-23.618E-03,-40.201E-03,-201.005E-03
-63.200E-03,-23.618E-03,-40.201E-03,-201.005E-03
-62.000E-03,-23.618E-03,+0.0E+00,-201.005E-03
-60.800E-03,-16.080E-03,-77.889E-03,-201.005E-03
-59.600E-03,-31.658E-03,-40.201E-03,+0.0E+00
-58.400E-03,+7.538E-03,-40.201E-03,-201.005E-03
-57.200E-03,-23.618E-03,-40.201E-03,-201.005E-03
-56.000E-03,-8.040E-03,-40.201E-03,-188.442E-03
-54.800E-03,+0.0E+00,+0.0E+00,+0.0E+00
-53.600E-03,-15.578E-03,-40.201E-03,-201.005E-03
-52.400E-03,-8.040E-03,-77.889E-03,-201.005E-03
-51.200E-03,-15.578E-03,-40.201E-03,+0.0E+00
-50.000E-03,-23.618E-03,-40.201E-03,-201.005E-03
-48.800E-03,-15.578E-03,-40.201E-03,-201.005E-03
-47.600E-03,-8.040E-03,+0.0E+00,+0.0E+00
-46.400E-03,+7.538E-03,-40.201E-03,+0.0E+00
-45.200E-03,-7.538E-03,-40.201E-03,-389.447E-03
-44.000E-03,-23.618E-03,-77.889E-03,-201.005E-03
-42.800E-03,-8.040E-03,-80.402E-03,-201.005E-03
-41.600E-03,-8.040E-03,-40.201E-03,+0.0E+00
-40.400E-03,-8.040E-03,-40.201E-03,-201.005E-03
-39.200E-03,-7.538E-03,-40.201E-03,-201.005E-03
-38.000E-03,-8.040E-03,-40.201E-03,+0.0E+00
-36.800E-03,-16.080E-03,-40.201E-03,-201.005E-03
-35.600E-03,-8.040E-03,-40.201E-03,-201.005E-03
-34.400E-03,-16.080E-03,-37.688E-03,-201.005E-03
-33.200E-03,+7.538E-03,-40.201E-03,-201.005E-03
-32.000E-03,-23.618E-03,-37.688E-03,-188.442E-03
-30.800E-03,-8.040E-03,-77.889E-03,-201.005E-03
-29.600E-03,-16.080E-03,-77.889E-03,-201.005E-03
-28.400E-03,+0.0E+00,-37.688E-03,-389.447E-03
-27.200E-03,+7.538E-03,-37.688E-03,-201.005E-03
-26.000E-03,+0.0E+00,+0.0E+00,-201.005E-03
-24.800E-03,-8.040E-03,-77.889E-03,-201.005E-03
-23.600E-03,-8.040E-03,-40.201E-03,+0.0E+00
-22.400E-03,-8.040E-03,-37.688E-03,+0.0E+00
-21.200E-03,+0.0E+00,-40.201E-03,-201.005E-03
-20.000E-03,-23.618E-03,-77.889E-03,+0.0E+00
-18.800E-03,-23.618E-03,-77.889E-03,-201.005E-03
-17.600E-03,-8.040E-03,-40.201E-03,-201.005E-03
-16.400E-03,-15.578E-03,-40.201E-03,-188.442E-03
-15.200E-03,+0.0E+00,-40.201E-03,-201.005E-03
-14.000E-03,-15.578E-03,-40.201E-03,-201.005E-03
-12.800E-03,-16.080E-03,-40.201E-03,+0.0E+00
-11.600E-03,-16.080E-03,-77.889E-03,-201.005E-03
-10.400E-03,-8.040E-03,-40.201E-03,-201.005E-03
-9.200E-03,+0.0E+00,-40.201E-03,-201.005E-03
-8.000E-03,+0.0E+00,-40.201E-03,-201.005E-03
-6.800E-03,+0.0E+00,-40.201E-03,-188.442E-03
-5.600E-03,-8.040E-03,-40.201E-03,-188.442E-03
-4.400E-03,+0.0E+00,-40.201E-03,-201.005E-03
-3.200E-03,+0.0E+00,-40.201E-03,-188.442E-03
-2.000E-03,-15.578E-03,-40.201E-03,+0.0E+00
-800E-06,+0.0E+00,-40.201E-03,-201.005E-03
+400E-06,+224.623E-03,-479.899E-03,-188.442E-03
+1.600E-03,-160.302E-03,-118.090E-03,-201.005E-03
+2.800E-03,-39.698E-03,+37.688E-03,-201.005E-03
+4.000E-03,+7.538E-03,-40.201E-03,-201.005E-03
+5.200E-03,-24.121E-03,-40.201E-03,-201.005E-03
+6.400E-03,+8.040E-03,+0.0E+00,-188.442E-03
+7.600E-03,-16.080E-03,-80.402E-03,-188.442E-03
+8.800E-03,+0.0E+00,-40.201E-03,+0.0E+00
+10.000E-03,+7.538E-03,-40.201E-03,+0.0E+00
+11.200E-03,+0.0E+00,+37.688E-03,-389.447E-03
+12.400E-03,+0.0E+00,-80.402E-03,-201.005E-03
+13.600E-03,-16.080E-03,-40.201E-03,-201.005E-03
+14.800E-03,+16.080E-03,-40.201E-03,-389.447E-03
+16.000E-03,+0.0E+00,-77.889E-03,-201.005E-03
+17.200E-03,-8.040E-03,+0.0E+00,-389.447E-03
+18.400E-03,+31.658E-03,-77.889E-03,+0.0E+00
+19.600E-03,-104.523E-03,-80.402E-03,-201.005E-03
+20.800E-03,-63.819E-03,+281.407E-03,+0.0E+00
+22.000E-03,+707.035E-03,-201.005E-03,-201.005E-03
+23.200E-03,-136.683E-03,-238.693E-03,-389.447E-03
+24.400E-03,-79.899E-03,+0.0E+00,-201.005E-03
+25.600E-03,+23.618E-03,+0.0E+00,+0.0E+00
+26.800E-03,-32.161E-03,-77.889E-03,-201.005E-03
+28.000E-03,+15.578E-03,+0.0E+00,+0.0E+00
+29.200E-03,+15.578E-03,-80.402E-03,-188.442E-03
+30.400E-03,-24.121E-03,-77.889E-03,-201.005E-03
+31.600E-03,-15.578E-03,-40.201E-03,+0.0E+00
+32.800E-03,-23.618E-03,-40.201E-03,+0.0E+00
+34.000E-03,-15.578E-03,-40.201E-03,-389.447E-03
+35.200E-03,-16.080E-03,+0.0E+00,-201.005E-03
+36.400E-03,+0.0E+00,+0.0E+00,-389.447E-03
+37.600E-03,+7.538E-03,-77.889E-03,-201.005E-03
+38.800E-03,-32.161E-03,-40.201E-03,-201.005E-03
+40.000E-03,+8.040E-03,+0.0E+00,-188.442E-03
+41.200E-03,-48.241E-03,-120.603E-03,-201.005E-03
+42.400E-03,-160.302E-03,+80.402E-03,-201.005E-03
+43.600E-03,+442.211E-03,+359.296E-03,-201.005E-03
+44.800E-03,+7.538E-03,-359.296E-03,-188.442E-03
+46.000E-03,-136.181E-03,-37.688E-03,+0.0E+00
+47.200E-03,+24.121E-03,+0.0E+00,-188.442E-03
+48.400E-03,-24.121E-03,-77.889E-03,+0.0E+00
+49.600E-03,-8.040E-03,-40.201E-03,-201.005E-03
+50.800E-03,+23.618E-03,-40.201E-03,+0.0E+00
+52.000E-03,-24.121E-03,+0.0E+00,+0.0E+00
+53.200E-03,+15.578E-03,-40.201E-03,+0.0E+00
+54.400E-03,+7.538E-03,-80.402E-03,-389.447E-03
+55.600E-03,+16.080E-03,-37.688E-03,-188.442E-03
+56.800E-03,+8.040E-03,-37.688E-03,-389.447E-03
+58.000E-03,-8.040E-03,-40.201E-03,-201.005E-03
+59.200E-03,+8.040E-03,-40.201E-03,-201.005E-03
+60.400E-03,-23.618E-03,-40.201E-03,-201.005E-03
+61.600E-03,+0.0E+00,+0.0E+00,+0.0E+00
+62.800E-03,+7.538E-03,-40.201E-03,-201.005E-03
+64.000E-03,-136.683E-03,+40.201E-03,-201.005E-03
+65.200E-03,+88.442E-03,+361.809E-03,-201.005E-03
+66.400E-03,+136.181E-03,-402.010E-03,-201.005E-03
+67.600E-03,-136.181E-03,-118.090E-03,+0.0E+00
+68.800E-03,-23.618E-03,+0.0E+00,-188.442E-03
+70.000E-03,-7.538E-03,-40.201E-03,-188.442E-03
+71.200E-03,-31.658E-03,-37.688E-03,-201.005E-03
+72.400E-03,+8.040E-03,+0.0E+00,+0.0E+00
+73.600E-03,-8.040E-03,-80.402E-03,+0.0E+00
+74.800E-03,-24.121E-03,-40.201E-03,-389.447E-03
+76.000E-03,-8.040E-03,-37.688E-03,+0.0E+00
+77.200E-03,+7.538E-03,-80.402E-03,-201.005E-03
+78.400E-03,+0.0E+00,-77.889E-03,-188.442E-03
+79.600E-03,-16.080E-03,+0.0E+00,-201.005E-03
+80.800E-03,+7.538E-03,-40.201E-03,-201.005E-03
+82.000E-03,+0.0E+00,-40.201E-03,-188.442E-03
+83.200E-03,-24.121E-03,+0.0E+00,-188.442E-03
+84.400E-03,+8.040E-03,-80.402E-03,-188.442E-03
+85.600E-03,-88.442E-03,-77.889E-03,+0.0E+00
+86.800E-03,-104.020E-03,+160.804E-03,+0.0E+00
+88.000E-03,+666.834E-03,-160.804E-03,+0.0E+00
+89.200E-03,-112.563E-03,-238.693E-03,-201.005E-03
+90.400E-03,-71.859E-03,+0.0E+00,-188.442E-03
+91.600E-03,+16.080E-03,-80.402E-03,-188.442E-03
+92.800E-03,-16.080E-03,-40.201E-03,-201.005E-03
+94.000E-03,-15.578E-03,-37.688E-03,-201.005E-03
+95.200E-03,+0.0E+00,-77.889E-03,-201.005E-03
+96.400E-03,-15.578E-03,-40.201E-03,-188.442E-03
+97.600E-03,+8.040E-03,-40.201E-03,-201.005E-03
+98.800E-03,-32.161E-03,-77.889E-03,-201.005E-03
+100.000E-03,+15.578E-03,+0.0E+00,-201.005E-03
+101.200E-03,-8.040E-03,-40.201E-03,-389.447E-03
+102.400E-03,-7.538E-03,-37.688E-03,-201.005E-03
+103.600E-03,+7.538E-03,-80.402E-03,-201.005E-03
+104.800E-03,-39.698E-03,-40.201E-03,-201.005E-03
+106.000E-03,+8.040E-03,-40.201E-03,-201.005E-03
+107.200E-03,-40.201E-03,-118.090E-03,-201.005E-03
+108.400E-03,-144.724E-03,+80.402E-03,-389.447E-03
+109.600E-03,+345.729E-03,+399.497E-03,-201.005E-03
+110.800E-03,+31.658E-03,-359.296E-03,-201.005E-03
+112.000E-03,-120.101E-03,-37.688E-03,+0.0E+00
+113.200E-03,+8.040E-03,+0.0E+00,-188.442E-03
+114.400E-03,-8.040E-03,-80.402E-03,-201.005E-03
+115.600E-03,-8.040E-03,-37.688E-03,+0.0E+00
+116.800E-03,+23.618E-03,-40.201E-03,-389.447E-03
+118.000E-03,-8.040E-03,-40.201E-03,-188.442E-03
+119.200E-03,-16.080E-03,-40.201E-03,+0.0E+00
+120.400E-03,-15.578E-03,+0.0E+00,+0.0E+00
+121.600E-03,-8.040E-03,-40.201E-03,+0.0E+00
+122.800E-03,-24.121E-03,-80.402E-03,-188.442E-03
+124.000E-03,-31.658E-03,+0.0E+00,-201.005E-03
+125.200E-03,+31.658E-03,-40.201E-03,-201.005E-03
+126.400E-03,-16.080E-03,-77.889E-03,-201.005E-03
+127.600E-03,-7.538E-03,+0.0E+00,-188.442E-03
+128.800E-03,+7.538E-03,-80.402E-03,-389.447E-03
+130.000E-03,-160.804E-03,-37.688E-03,+0.0E+00
+131.200E-03,+32.161E-03,+321.608E-03,-201.005E-03
+132.400E-03,+272.864E-03,-359.296E-03,-201.005E-03
+133.600E-03,-144.221E-03,-158.291E-03,-201.005E-03
+134.800E-03,-31.658E-03,+0.0E+00,-201.005E-03
+136.000E-03,+23.618E-03,-40.201E-03,-188.442E-03
+137.200E-03,-24.121E-03,-40.201E-03,+0.0E+00
+138.400E-03,+8.040E-03,+0.0E+00,-201.005E-03
+139.600E-03,-16.080E-03,-40.201E-03,-201.005E-03
+140.800E-03,+0.0E+00,-40.201E-03,-201.005E-03
+142.000E-03,+8.040E-03,-40.201E-03,-201.005E-03
+143.200E-03,-23.618E-03,+0.0E+00,-201.005E-03
+144.400E-03,+15.578E-03,-40.201E-03,+0.0E+00
+145.600E-03,-16.080E-03,-40.201E-03,+0.0E+00
+146.800E-03,+0.0E+00,-40.201E-03,-201.005E-03
+148.000E-03,-8.040E-03,-40.201E-03,-201.005E-03
+149.200E-03,-15.578E-03,-40.201E-03,+0.0E+00
+150.400E-03,+23.618E-03,-77.889E-03,-188.442E-03
+151.600E-03,-104.523E-03,-40.201E-03,-201.005E-03
+152.800E-03,-112.060E-03,+160.804E-03,-201.005E-03
+154.000E-03,+618.593E-03,-160.804E-03,-389.447E-03
+155.200E-03,-112.563E-03,-238.693E-03,+0.0E+00
+156.400E-03,-79.899E-03,+0.0E+00,-188.442E-03
+157.600E-03,+23.618E-03,-40.201E-03,-201.005E-03
+158.800E-03,-16.080E-03,-77.889E-03,-201.005E-03
+160.000E-03,+0.0E+00,-40.201E-03,-201.005E-03
+161.200E-03,-7.538E-03,-80.402E-03,-201.005E-03
+162.400E-03,-32.161E-03,-40.201E-03,-389.447E-03
+163.600E-03,-7.538E-03,-40.201E-03,+0.0E+00
+164.800E-03,+8.040E-03,-40.201E-03,+0.0E+00
+166.000E-03,+15.578E-03,-40.201E-03,+0.0E+00
+167.200E-03,-24.121E-03,-77.889E-03,-201.005E-03
+168.400E-03,+0.0E+00,-37.688E-03,-201.005E-03
+169.600E-03,+0.0E+00,-80.402E-03,-201.005E-03
+170.800E-03,-32.161E-03,-40.201E-03,-201.005E-03
+172.000E-03,+0.0E+00,+0.0E+00,+0.0E+00
+173.200E-03,-56.281E-03,-120.603E-03,-201.005E-03
+174.400E-03,-168.342E-03,+40.201E-03,+0.0E+00
+175.600E-03,+329.648E-03,+359.296E-03,-201.005E-03
+176.800E-03,-24.121E-03,-319.095E-03,+0.0E+00
+178.000E-03,-112.060E-03,-40.201E-03,+0.0E+00
+179.200E-03,+0.0E+00,+0.0E+00,-188.442E-03
+180.400E-03,-16.080E-03,-40.201E-03,-201.005E-03
+181.600E-03,-8.040E-03,-40.201E-03,+0.0E+00
+182.800E-03,-7.538E-03,-37.688E-03,-389.447E-03
+184.000E-03,-24.121E-03,-40.201E-03,-201.005E-03
+185.200E-03,+7.538E-03,+0.0E+00,-201.005E-03
+186.400E-03,+0.0E+00,-80.402E-03,-188.442E-03
+187.600E-03,-7.538E-03,+0.0E+00,-201.005E-03
+188.800E-03,+7.538E-03,-40.201E-03,-201.005E-03
+190.000E-03,-31.658E-03,-77.889E-03,+0.0E+00
+191.200E-03,+0.0E+00,-77.889E-03,-201.005E-03
+192.400E-03,-24.121E-03,+0.0E+00,+0.0E+00
+193.600E-03,-7.538E-03,+0.0E+00,-201.005E-03
+194.800E-03,-16.080E-03,-80.402E-03,+0.0E+00
+196.000E-03,-136.683E-03,-37.688E-03,+0.0E+00
+197.200E-03,+24.121E-03,+281.407E-03,-201.005E-03
+198.400E-03,+168.342E-03,-399.497E-03,-201.005E-03
+199.600E-03,-152.261E-03,-158.291E-03,-188.442E-03
+200.800E-03,-23.618E-03,+37.688E-03,-201.005E-03
+202.000E-03,+0.0E+00,-40.201E-03,-201.005E-03
+203.200E-03,-32.161E-03,-37.688E-03,+0.0E+00
+204.400E-03,+0.0E+00,+0.0E+00,-201.005E-03
+205.600E-03,-7.538E-03,-40.201E-03,-201.005E-03
+206.800E-03,-24.121E-03,+0.0E+00,-201.005E-03
+208.000E-03,-15.578E-03,-40.201E-03,-201.005E-03
+209.200E-03,+8.040E-03,-77.889E-03,+0.0E+00
+210.400E-03,-8.040E-03,-40.201E-03,+0.0E+00
+211.600E-03,-8.040E-03,-40.201E-03,-201.005E-03
+212.800E-03,+0.0E+00,-77.889E-03,-188.442E-03
+214.000E-03,-16.080E-03,-118.090E-03,-201.005E-03
+215.200E-03,-23.618E-03,-37.688E-03,-201.005E-03
+216.400E-03,+31.658E-03,-40.201E-03,-188.442E-03
+217.600E-03,-104.523E-03,-80.402E-03,-188.442E-03
+218.800E-03,-47.739E-03,+201.005E-03,+0.0E+00
+220.000E-03,+570.352E-03,-241.206E-03,+0.0E+00
+221.200E-03,-136.683E-03,-198.492E-03,-389.447E-03
+222.400E-03,-63.819E-03,+0.0E+00,-201.005E-03
+223.600E-03,+31.658E-03,-40.201E-03,-188.442E-03
+224.800E-03,-24.121E-03,-77.889E-03,-188.442E-03
+226.000E-03,-15.578E-03,-77.889E-03,-201.005E-03
+227.200E-03,-16.080E-03,-40.201E-03,-201.005E-03
+228.400E-03,-8.040E-03,-37.688E-03,+0.0E+00
+229.600E-03,+15.578E-03,-40.201E-03,-201.005E-03
+230.800E-03,+0.0E+00,-37.688E-03,+0.0E+00
+232.000E-03,-15.578E-03,-40.201E-03,-201.005E-03
+233.200E-03,+7.538E-03,-40.201E-03,-188.442E-03
+234.400E-03,-7.538E-03,+0.0E+00,-201.005E-03
+235.600E-03,+15.578E-03,-40.201E-03,+0.0E+00
+236.800E-03,-24.121E-03,+0.0E+00,+0.0E+00
+238.000E-03,+0.0E+00,-40.201E-03,-201.005E-03
+239.200E-03,-56.281E-03,-118.090E-03,-201.005E-03
+240.400E-03,-136.181E-03,+120.603E-03,+0.0E+00
+241.600E-03,+281.407E-03,+359.296E-03,-201.005E-03
+242.800E-03,-40.201E-03,-319.095E-03,-201.005E-03
+244.000E-03,-120.101E-03,-37.688E-03,-188.442E-03
+245.200E-03,+16.080E-03,+0.0E+00,-201.005E-03
+246.400E-03,+0.0E+00,-77.889E-03,-201.005E-03
+247.600E-03,-23.618E-03,-37.688E-03,-201.005E-03
+248.800E-03,-15.578E-03,-40.201E-03,-201.005E-03
+250.000E-03,-31.658E-03,+0.0E+00,-201.005E-03
+251.200E-03,-8.040E-03,+0.0E+00,+0.0E+00
+252.400E-03,-7.538E-03,-37.688E-03,+0.0E+00
+253.600E-03,-7.538E-03,-77.889E-03,-188.442E-03
+254.800E-03,-24.121E-03,-40.201E-03,-201.005E-03
+256.000E-03,-23.618E-03,-40.201E-03,-201.005E-03
+257.200E-03,+15.578E-03,-40.201E-03,+0.0E+00
+258.400E-03,-32.161E-03,-40.201E-03,+0.0E+00
+259.600E-03,-7.538E-03,-37.688E-03,+0.0E+00
+260.800E-03,+0.0E+00,-120.603E-03,-201.005E-03
+262.000E-03,-136.683E-03,-37.688E-03,-389.447E-03
+263.200E-03,+0.0E+00,+241.206E-03,+0.0E+00
+264.400E-03,+144.221E-03,-399.497E-03,-389.447E-03
+265.600E-03,-120.603E-03,-118.090E-03,-201.005E-03
+266.800E-03,-23.618E-03,+37.688E-03,-188.442E-03
+268.000E-03,+15.578E-03,-40.201E-03,-201.005E-03
+269.200E-03,-24.121E-03,-40.201E-03,-201.005E-03
+270.400E-03,+0.0E+00,+0.0E+00,+0.0E+00
+271.600E-03,-8.040E-03,-80.402E-03,+0.0E+00
+272.800E-03,-15.578E-03,+0.0E+00,-201.005E-03
+274.000E-03,+0.0E+00,-40.201E-03,+0.0E+00
+275.200E-03,-15.578E-03,-37.688E-03,+0.0E+00
+276.400E-03,+0.0E+00,-80.402E-03,-201.005E-03
+277.600E-03,-24.121E-03,-40.201E-03,-389.447E-03
+278.800E-03,+0.0E+00,-77.889E-03,-201.005E-03
+280.000E-03,-16.080E-03,-77.889E-03,+0.0E+00
+281.200E-03,-15.578E-03,+37.688E-03,-201.005E-03
+282.400E-03,+31.658E-03,-80.402E-03,-201.005E-03
+283.600E-03,-96.482E-03,-40.201E-03,-201.005E-03
+284.800E-03,-39.698E-03,+201.005E-03,-201.005E-03
+286.000E-03,+522.111E-03,-201.005E-03,-201.005E-03
+287.200E-03,-120.603E-03,-198.492E-03,+0.0E+00
+288.400E-03,-87.940E-03,-37.688E-03,-201.005E-03
+289.600E-03,+8.040E-03,-80.402E-03,-188.442E-03
+290.800E-03,-24.121E-03,-77.889E-03,+0.0E+00
+292.000E-03,-7.538E-03,+0.0E+00,-201.005E-03
+293.200E-03,+0.0E+00,-40.201E-03,-201.005E-03
+294.400E-03,-16.080E-03,-40.201E-03,-188.442E-03
+295.600E-03,-7.538E-03,-40.201E-03,-201.005E-03
+296.800E-03,+8.040E-03,-40.201E-03,-201.005E-03
+298.000E-03,-8.040E-03,-77.889E-03,+0.0E+00
+299.200E-03,-16.080E-03,-37.688E-03,-389.447E-03
+300.400E-03,-15.578E-03,-40.201E-03,-201.005E-03
+301.600E-03,-7.538E-03,-40.201E-03,-188.442E-03
+302.800E-03,-31.658E-03,+0.0E+00,-201.005E-03
+304.000E-03,+31.658E-03,-40.201E-03,+0.0E+00
+305.200E-03,-32.161E-03,-80.402E-03,+0.0E+00
+306.400E-03,-144.221E-03,+80.402E-03,+0.0E+00
+307.600E-03,+361.809E-03,+319.095E-03,-201.005E-03
+308.800E-03,+0.0E+00,-319.095E-03,-201.005E-03
+310.000E-03,-120.101E-03,-40.201E-03,-201.005E-03
+311.200E-03,+0.0E+00,+37.688E-03,+0.0E+00
+312.400E-03,-8.040E-03,-80.402E-03,+0.0E+00
+313.600E-03,-23.618E-03,-37.688E-03,+0.0E+00
+314.800E-03,+15.578E-03,-77.889E-03,-201.005E-03
+316.000E-03,-15.578E-03,-37.688E-03,-201.005E-03
+317.200E-03,-8.040E-03,-40.201E-03,-201.005E-03
+318.400E-03,-8.040E-03,-80.402E-03,-201.005E-03
+319.600E-03,-8.040E-03,-40.201E-03,-201.005E-03
+320.800E-03,-8.040E-03,-40.201E-03,-201.005E-03
+322.000E-03,-31.658E-03,-37.688E-03,-188.442E-03
+323.200E-03,+0.0E+00,-40.201E-03,+0.0E+00
+324.400E-03,-24.121E-03,-80.402E-03,-201.005E-03
+325.600E-03,+0.0E+00,-40.201E-03,-201.005E-03
+326.800E-03,+7.538E-03,-118.090E-03,+0.0E+00
+328.000E-03,-136.181E-03,-37.688E-03,-201.005E-03
+329.200E-03,+48.241E-03,+321.608E-03,-389.447E-03
+330.400E-03,+216.583E-03,-359.296E-03,+0.0E+00
+331.600E-03,-136.181E-03,-158.291E-03,+0.0E+00
+332.800E-03,+0.0E+00,+37.688E-03,+0.0E+00
+334.000E-03,+8.040E-03,-40.201E-03,+0.0E+00
+335.200E-03,-39.698E-03,-40.201E-03,-201.005E-03
+336.400E-03,+8.040E-03,-40.201E-03,-201.005E-03
+337.600E-03,+0.0E+00,+0.0E+00,+0.0E+00
+338.800E-03,-32.161E-03,-37.688E-03,-188.442E-03
+340.000E-03,+0.0E+00,-77.889E-03,-188.442E-03
+341.200E-03,-8.040E-03,-37.688E-03,-201.005E-03
+342.400E-03,-15.578E-03,-40.201E-03,-201.005E-03
+343.600E-03,-23.618E-03,-40.201E-03,-201.005E-03
+344.800E-03,+8.040E-03,+0.0E+00,+0.0E+00
+346.000E-03,-24.121E-03,-40.201E-03,-201.005E-03
+347.200E-03,-31.658E-03,+0.0E+00,-201.005E-03
+348.400E-03,+8.040E-03,-40.201E-03,-201.005E-03
+349.600E-03,-72.362E-03,-77.889E-03,-201.005E-03
+350.800E-03,-79.899E-03,+160.804E-03,-201.005E-03
+352.000E-03,+546.231E-03,+0.0E+00,-201.005E-03
+353.200E-03,-96.482E-03,-238.693E-03,-201.005E-03
+354.400E-03,-71.859E-03,+0.0E+00,-201.005E-03
+355.600E-03,+16.080E-03,+0.0E+00,+0.0E+00
+356.800E-03,-16.080E-03,-40.201E-03,-389.447E-03
+358.000E-03,-15.578E-03,-40.201E-03,-201.005E-03
+359.200E-03,+8.040E-03,-40.201E-03,-188.442E-03
+360.400E-03,-15.578E-03,+0.0E+00,-201.005E-03
+361.600E-03,+0.0E+00,-40.201E-03,-201.005E-03
+362.800E-03,-16.080E-03,-77.889E-03,-201.005E-03
+364.000E-03,+0.0E+00,+0.0E+00,-201.005E-03
+365.200E-03,-15.578E-03,-40.201E-03,+0.0E+00
+366.400E-03,-15.578E-03,+0.0E+00,-201.005E-03
+367.600E-03,+0.0E+00,-77.889E-03,-201.005E-03
+368.800E-03,-32.161E-03,-40.201E-03,-188.442E-03
+370.000E-03,-7.538E-03,-40.201E-03,-201.005E-03
+371.200E-03,-55.779E-03,-80.402E-03,-201.005E-03
+372.400E-03,-144.221E-03,+80.402E-03,+0.0E+00
+373.600E-03,+337.688E-03,+278.894E-03,-201.005E-03
+374.800E-03,-24.121E-03,-281.407E-03,-201.005E-03
+376.000E-03,-120.101E-03,-77.889E-03,+0.0E+00
+377.200E-03,+23.618E-03,+0.0E+00,+0.0E+00
+378.400E-03,-8.040E-03,-40.201E-03,+0.0E+00
+379.600E-03,-23.618E-03,+0.0E+00,-389.447E-03
+380.800E-03,+23.618E-03,-40.201E-03,-201.005E-03
+382.000E-03,-23.618E-03,-40.201E-03,-201.005E-03
+383.200E-03,-7.538E-03,-40.201E-03,-389.447E-03
+384.400E-03,+8.040E-03,-77.889E-03,-201.005E-03
+385.600E-03,+0.0E+00,-40.201E-03,-201.005E-03
+386.800E-03,-24.121E-03,-40.201E-03,+0.0E+00
+388.000E-03,+0.0E+00,+0.0E+00,-188.442E-03
+389.200E-03,+0.0E+00,-40.201E-03,+0.0E+00
+390.400E-03,-24.121E-03,-77.889E-03,+0.0E+00
+391.600E-03,+0.0E+00,+0.0E+00,+0.0E+00
+392.800E-03,+0.0E+00,-80.402E-03,+0.0E+00
+394.000E-03,-144.221E-03,-77.889E-03,-201.005E-03
+395.200E-03,+16.080E-03,+281.407E-03,+0.0E+00
+396.400E-03,+240.704E-03,-321.608E-03,-201.005E-03
+397.600E-03,-120.603E-03,-158.291E-03,-201.005E-03
+398.800E-03,-31.658E-03,+0.0E+00,+0.0E+00
+400.000E-03,+7.538E-03,-40.201E-03,+0.0E+00
+401.200E-03,-16.080E-03,-77.889E-03,-201.005E-03
+402.400E-03,+0.0E+00,+0.0E+00,-402.010E-03
+403.600E-03,+0.0E+00,-40.201E-03,-201.005E-03
+404.800E-03,-15.578E-03,+0.0E+00,-188.442E-03
+406.000E-03,+7.538E-03,-40.201E-03,-188.442E-03
+407.200E-03,-23.618E-03,-40.201E-03,-201.005E-03
+408.400E-03,-8.040E-03,-40.201E-03,-201.005E-03
+409.600E-03,-23.618E-03,-77.889E-03,+0.0E+00
+410.800E-03,+0.0E+00,-40.201E-03,-188.442E-03
+412.000E-03,-16.080E-03,-80.402E-03,+0.0E+00
+413.200E-03,-16.080E-03,-37.688E-03,-201.005E-03
+414.400E-03,+8.040E-03,-80.402E-03,-188.442E-03
+415.600E-03,-88.442E-03,-40.201E-03,-188.442E-03
+416.800E-03,-87.940E-03,+160.804E-03,-201.005E-03
+418.000E-03,+497.990E-03,-201.005E-03,-201.005E-03
+419.200E-03,-104.523E-03,-198.492E-03,-201.005E-03
+420.400E-03,-47.739E-03,+0.0E+00,-402.010E-03
+421.600E-03,+8.040E-03,-40.201E-03,-188.442E-03
+422.800E-03,-8.040E-03,-80.402E-03,-201.005E-03
+424.000E-03,+7.538E-03,-37.688E-03,+0.0E+00
+425.200E-03,-8.040E-03,+0.0E+00,-389.447E-03
+426.400E-03,-24.121E-03,-40.201E-03,+0.0E+00
+427.600E-03,+0.0E+00,-40.201E-03,-201.005E-03
+428.800E-03,+7.538E-03,-40.201E-03,-201.005E-03
+430.000E-03,+0.0E+00,-40.201E-03,+0.0E+00
+431.200E-03,-24.121E-03,-37.688E-03,-389.447E-03
+432.400E-03,-7.538E-03,+0.0E+00,-201.005E-03
+433.600E-03,-7.538E-03,-40.201E-03,-188.442E-03
+434.800E-03,-16.080E-03,-40.201E-03,-201.005E-03
+436.000E-03,+23.618E-03,-80.402E-03,-201.005E-03
+437.200E-03,-24.121E-03,-80.402E-03,+0.0E+00
+438.400E-03,-136.181E-03,+80.402E-03,-201.005E-03
+439.600E-03,+337.688E-03,+238.693E-03,-389.447E-03
+440.800E-03,-8.040E-03,-281.407E-03,-201.005E-03
+442.000E-03,-112.563E-03,-40.201E-03,-201.005E-03
+443.200E-03,+8.040E-03,+0.0E+00,+0.0E+00
+444.400E-03,-16.080E-03,-40.201E-03,-201.005E-03
+445.600E-03,-15.578E-03,-37.688E-03,-188.442E-03
+446.800E-03,+0.0E+00,+0.0E+00,-201.005E-03
+448.000E-03,-16.080E-03,-77.889E-03,+0.0E+00
+449.200E-03,-15.578E-03,-37.688E-03,-389.447E-03
+450.400E-03,-16.080E-03,-77.889E-03,-188.442E-03
+451.600E-03,+8.040E-03,-40.201E-03,-389.447E-03
+452.800E-03,-8.040E-03,-40.201E-03,-389.447E-03
+454.000E-03,-16.080E-03,-37.688E-03,-201.005E-03
+455.200E-03,+7.538E-03,-40.201E-03,+0.0E+00
+456.400E-03,-23.618E-03,-40.201E-03,-389.447E-03
+457.600E-03,+0.0E+00,-40.201E-03,-188.442E-03
+458.800E-03,+0.0E+00,-40.201E-03,+0.0E+00
+460.000E-03,-128.643E-03,-37.688E-03,-389.447E-03
+461.200E-03,+72.362E-03,+319.095E-03,-201.005E-03
+462.400E-03,+160.302E-03,-321.608E-03,-201.005E-03
+463.600E-03,-128.643E-03,-118.090E-03,-201.005E-03
+464.800E-03,+7.538E-03,+0.0E+00,-188.442E-03
+466.000E-03,+31.658E-03,-77.889E-03,+0.0E+00
+467.200E-03,-24.121E-03,-80.402E-03,-201.005E-03
+468.400E-03,+7.538E-03,+0.0E+00,-201.005E-03
+469.600E-03,-16.080E-03,-40.201E-03,-201.005E-03
+470.800E-03,-23.618E-03,-77.889E-03,-201.005E-03
+472.000E-03,+7.538E-03,-40.201E-03,-201.005E-03
+473.200E-03,-7.538E-03,-40.201E-03,-201.005E-03
+474.400E-03,+0.0E+00,-40.201E-03,-201.005E-03
+475.600E-03,-16.080E-03,-37.688E-03,-201.005E-03
+476.800E-03,+16.080E-03,-40.201E-03,+0.0E+00
+478.000E-03,-16.080E-03,-40.201E-03,-201.005E-03
+479.200E-03,-16.080E-03,+0.0E+00,-188.442E-03
+480.400E-03,+15.578E-03,-40.201E-03,-201.005E-03
+481.600E-03,-80.402E-03,-37.688E-03,-201.005E-03
+482.800E-03,-79.899E-03,+120.603E-03,+0.0E+00
+484.000E-03,+457.789E-03,-160.804E-03,+0.0E+00
+485.200E-03,-120.603E-03,-198.492E-03,+0.0E+00
+486.400E-03,-63.819E-03,+0.0E+00,-201.005E-03
+487.600E-03,+16.080E-03,-40.201E-03,-201.005E-03
+488.800E-03,-16.080E-03,-40.201E-03,-201.005E-03
+490.000E-03,-7.538E-03,+0.0E+00,-201.005E-03
+491.200E-03,+7.538E-03,-80.402E-03,-201.005E-03
+492.400E-03,-24.121E-03,+0.0E+00,-201.005E-03
+493.600E-03,+7.538E-03,-37.688E-03,-201.005E-03
+494.800E-03,-8.040E-03,-77.889E-03,+0.0E+00
+496.000E-03,+15.578E-03,+0.0E+00,-201.005E-03
+497.200E-03,-16.080E-03,+0.0E+00,-201.005E-03
+498.400E-03,-7.538E-03,+0.0E+00,-201.005E-03
+499.600E-03,-8.040E-03,-40.201E-03,-201.005E-03
+500.800E-03,-24.121E-03,-37.688E-03,-188.442E-03
+502.000E-03,+31.658E-03,-40.201E-03,-188.442E-03
+503.200E-03,-48.241E-03,-80.402E-03,-188.442E-03
+504.400E-03,-120.603E-03,+40.201E-03,-188.442E-03
+505.600E-03,+265.327E-03,+238.693E-03,-188.442E-03
+506.800E-03,-16.080E-03,-319.095E-03,+0.0E+00
+508.000E-03,-104.523E-03,-37.688E-03,-389.447E-03
+509.200E-03,+16.080E-03,+0.0E+00,-201.005E-03
+510.400E-03,-16.080E-03,-80.402E-03,+0.0E+00
+511.600E-03,-16.080E-03,-37.688E-03,-201.005E-03
+512.800E-03,+7.538E-03,-40.201E-03,-201.005E-03
+514.000E-03,-8.040E-03,-40.201E-03,-201.005E-03
+515.200E-03,+0.0E+00,-37.688E-03,-188.442E-03
+516.400E-03,-8.040E-03,-40.201E-03,-201.005E-03
+517.600E-03,+0.0E+00,-40.201E-03,-201.005E-03
+518.800E-03,-15.578E-03,-40.201E-03,-201.005E-03
+520.000E-03,+0.0E+00,+0.0E+00,-389.447E-03
+521.200E-03,+0.0E+00,+0.0E+00,+0.0E+00
+522.400E-03,+0.0E+00,-77.889E-03,-188.442E-03
+523.600E-03,-8.040E-03,-37.688E-03,-201.005E-03
+524.800E-03,+0.0E+00,-40.201E-03,-201.005E-03
+526.000E-03,-112.563E-03,+0.0E+00,-389.447E-03
+527.200E-03,+16.080E-03,+241.206E-03,+0.0E+00
+528.400E-03,+224.623E-03,-319.095E-03,+0.0E+00
+529.600E-03,-112.563E-03,-80.402E-03,-201.005E-03
+530.800E-03,-15.578E-03,+40.201E-03,-389.447E-03
+532.000E-03,+15.578E-03,-77.889E-03,-201.005E-03
+533.200E-03,-31.658E-03,-77.889E-03,+0.0E+00
+534.400E-03,+23.618E-03,-37.688E-03,+0.0E+00
+535.600E-03,-15.578E-03,-80.402E-03,+0.0E+00
+536.800E-03,-23.618E-03,-40.201E-03,-188.442E-03
+538.000E-03,-7.538E-03,-40.201E-03,-201.005E-03
+539.200E-03,-7.538E-03,-40.201E-03,-201.005E-03
+540.400E-03,+0.0E+00,-77.889E-03,+0.0E+00
+541.600E-03,-31.658E-03,+0.0E+00,-201.005E-03
+542.800E-03,-7.538E-03,-40.201E-03,-188.442E-03
+544.000E-03,-15.578E-03,-40.201E-03,+0.0E+00
+545.200E-03,-16.080E-03,-40.201E-03,-201.005E-03
+546.400E-03,+16.080E-03,-40.201E-03,-201.005E-03
+547.600E-03,-64.322E-03,-77.889E-03,+0.0E+00
+548.800E-03,-87.940E-03,+160.804E-03,-201.005E-03
+550.000E-03,+449.749E-03,-120.603E-03,+0.0E+00
+551.200E-03,-95.980E-03,-158.291E-03,-201.005E-03
+552.400E-03,-87.940E-03,+0.0E+00,+0.0E+00
+553.600E-03,+16.080E-03,+0.0E+00,+0.0E+00
+554.800E-03,-31.658E-03,-40.201E-03,+0.0E+00
+556.000E-03,+7.538E-03,+0.0E+00,-389.447E-03
+557.200E-03,-16.080E-03,-77.889E-03,-201.005E-03
+558.400E-03,-31.658E-03,-77.889E-03,-201.005E-03
+559.600E-03,+0.0E+00,+0.0E+00,-201.005E-03
+560.800E-03,+0.0E+00,+0.0E+00,-188.442E-03
+562.000E-03,-7.538E-03,-77.889E-03,-201.005E-03
+563.200E-03,-16.080E-03,-37.688E-03,-201.005E-03
+564.400E-03,-23.618E-03,-40.201E-03,-201.005E-03
+565.600E-03,+15.578E-03,-40.201E-03,-201.005E-03
+566.800E-03,-24.121E-03,-77.889E-03,+0.0E+00
+568.000E-03,-7.538E-03,-40.201E-03,-201.005E-03
+569.200E-03,-32.161E-03,-80.402E-03,-188.442E-03
+570.400E-03,-144.221E-03,+40.201E-03,+0.0E+00
+571.600E-03,+176.884E-03,+238.693E-03,-188.442E-03
+572.800E-03,-24.121E-03,-201.005E-03,-201.005E-03
+574.000E-03,-96.482E-03,-40.201E-03,-201.005E-03
+575.200E-03,+0.0E+00,+0.0E+00,-201.005E-03
+576.400E-03,-23.618E-03,-40.201E-03,-389.447E-03
+577.600E-03,-23.618E-03,+0.0E+00,-201.005E-03
+578.800E-03,+7.538E-03,+0.0E+00,-201.005E-03
+580.000E-03,-31.658E-03,-40.201E-03,-201.005E-03
+581.200E-03,-7.538E-03,-37.688E-03,-201.005E-03
+582.400E-03,-8.040E-03,-40.201E-03,+0.0E+00
+583.600E-03,+15.578E-03,-40.201E-03,-201.005E-03
+584.800E-03,-8.040E-03,-40.201E-03,-201.005E-03
+586.000E-03,-8.040E-03,-37.688E-03,-188.442E-03
+587.200E-03,+23.618E-03,+0.0E+00,-188.442E-03
+588.400E-03,-39.698E-03,-77.889E-03,-201.005E-03
+589.600E-03,+0.0E+00,+0.0E+00,-201.005E-03
+590.800E-03,+0.0E+00,-80.402E-03,-201.005E-03
+592.000E-03,-120.603E-03,-40.201E-03,-389.447E-03
+593.200E-03,+24.121E-03,+241.206E-03,+0.0E+00
+594.400E-03,+168.342E-03,-281.407E-03,-188.442E-03
+595.600E-03,-112.563E-03,-77.889E-03,+0.0E+00
+596.800E-03,-31.658E-03,+37.688E-03,-188.442E-03
+598.000E-03,+7.538E-03,-40.201E-03,-201.005E-03
+599.200E-03,-32.161E-03,-77.889E-03,-389.447E-03
+600.400E-03,+8.040E-03,-37.688E-03,-188.442E-03
+601.600E-03,-8.040E-03,-77.889E-03,+0.0E+00
+602.800E-03,-16.080E-03,+0.0E+00,-201.005E-03
+604.000E-03,-7.538E-03,-40.201E-03,-188.442E-03
+605.200E-03,-23.618E-03,-37.688E-03,-201.005E-03
+606.400E-03,+0.0E+00,-80.402E-03,-188.442E-03
+607.600E-03,-23.618E-03,+0.0E+00,+0.0E+00
+608.800E-03,-7.538E-03,-40.201E-03,+0.0E+00
+610.000E-03,+0.0E+00,-40.201E-03,-201.005E-03
+611.200E-03,-8.040E-03,-77.889E-03,-188.442E-03
+612.400E-03,+15.578E-03,-80.402E-03,-201.005E-03
+613.600E-03,-72.362E-03,-77.889E-03,-188.442E-03
+614.800E-03,-87.940E-03,+120.603E-03,-188.442E-03
+616.000E-03,+433.668E-03,-120.603E-03,+0.0E+00
+617.200E-03,-96.482E-03,-160.804E-03,-201.005E-03
+618.400E-03,-63.819E-03,-40.201E-03,-201.005E-03
+619.600E-03,+31.658E-03,-37.688E-03,-188.442E-03
+620.800E-03,-24.121E-03,+0.0E+00,-201.005E-03
+622.000E-03,-15.578E-03,+0.0E+00,+0.0E+00
+623.200E-03,+0.0E+00,-80.402E-03,-188.442E-03
+624.400E-03,-23.618E-03,-37.688E-03,-201.005E-03
+625.600E-03,-7.538E-03,+0.0E+00,-188.442E-03
+626.800E-03,-16.080E-03,-40.201E-03,-201.005E-03
+628.000E-03,+0.0E+00,-40.201E-03,+0.0E+00
+629.200E-03,-31.658E-03,-40.201E-03,+0.0E+00
+630.400E-03,-8.040E-03,-40.201E-03,-201.005E-03
+631.600E-03,-8.040E-03,-40.201E-03,+0.0E+00
+632.800E-03,-24.121E-03,-77.889E-03,-402.010E-03
+634.000E-03,+16.080E-03,-40.201E-03,-188.442E-03
+635.200E-03,-48.241E-03,-80.402E-03,-389.447E-03
+636.400E-03,-136.181E-03,+40.201E-03,-188.442E-03
+637.600E-03,+209.045E-03,+238.693E-03,+0.0E+00
+638.800E-03,+7.538E-03,-278.894E-03,-188.442E-03
+640.000E-03,-95.980E-03,-40.201E-03,+0.0E+00
+641.200E-03,+8.040E-03,+0.0E+00,-201.005E-03
+642.400E-03,-7.538E-03,-80.402E-03,-389.447E-03
+643.600E-03,-16.080E-03,-40.201E-03,-201.005E-03
+644.800E-03,+0.0E+00,-77.889E-03,+0.0E+00
+646.000E-03,-24.121E-03,-40.201E-03,+0.0E+00
+647.200E-03,+8.040E-03,-40.201E-03,-201.005E-03
+648.400E-03,-16.080E-03,-40.201E-03,+0.0E+00
+649.600E-03,+0.0E+00,-40.201E-03,+0.0E+00
+650.800E-03,-15.578E-03,-40.201E-03,+0.0E+00
+652.000E-03,-16.080E-03,-40.201E-03,-201.005E-03
+653.200E-03,+16.080E-03,-77.889E-03,-201.005E-03
+654.400E-03,-8.040E-03,-40.201E-03,-188.442E-03
+655.600E-03,-15.578E-03,+0.0E+00,-201.005E-03
+656.800E-03,+0.0E+00,-80.402E-03,-188.442E-03
+658.000E-03,-112.563E-03,-37.688E-03,-389.447E-03
+659.200E-03,+48.241E-03,+201.005E-03,-201.005E-03
+660.400E-03,+95.980E-03,-321.608E-03,-201.005E-03
+661.600E-03,-112.563E-03,-77.889E-03,-201.005E-03
+662.800E-03,-15.578E-03,+0.0E+00,-201.005E-03
+664.000E-03,+0.0E+00,-40.201E-03,-201.005E-03
+665.200E-03,-23.618E-03,-37.688E-03,-201.005E-03
+666.400E-03,+24.121E-03,-40.201E-03,+0.0E+00
+667.600E-03,-15.578E-03,-40.201E-03,+0.0E+00
+668.800E-03,-16.080E-03,+0.0E+00,+0.0E+00
+670.000E-03,+0.0E+00,-40.201E-03,-201.005E-03
+671.200E-03,+8.040E-03,+0.0E+00,+0.0E+00
+672.400E-03,+7.538E-03,-40.201E-03,-389.447E-03
+673.600E-03,-15.578E-03,+0.0E+00,+0.0E+00
+674.800E-03,+0.0E+00,-37.688E-03,-201.005E-03
+676.000E-03,-8.040E-03,-40.201E-03,+0.0E+00
+677.200E-03,-23.618E-03,-40.201E-03,-188.442E-03
+678.400E-03,+15.578E-03,-40.201E-03,-188.442E-03
+679.600E-03,-95.980E-03,-40.201E-03,-201.005E-03
+680.800E-03,-71.859E-03,+160.804E-03,+0.0E+00
+682.000E-03,+409.548E-03,-80.402E-03,-201.005E-03
+683.200E-03,-112.563E-03,-160.804E-03,-188.442E-03
+684.400E-03,-40.201E-03,+37.688E-03,-201.005E-03
+685.600E-03,+8.040E-03,-40.201E-03,+0.0E+00
+686.800E-03,-32.161E-03,-80.402E-03,-201.005E-03
+688.000E-03,-15.578E-03,+0.0E+00,-389.447E-03
+689.200E-03,+8.040E-03,-40.201E-03,-402.010E-03
+690.400E-03,-23.618E-03,-37.688E-03,+0.0E+00
+691.600E-03,-7.538E-03,-37.688E-03,-389.447E-03
+692.800E-03,-16.080E-03,-40.201E-03,-201.005E-03
+694.000E-03,+0.0E+00,-40.201E-03,-188.442E-03
+695.200E-03,-16.080E-03,-40.201E-03,+0.0E+00
+696.400E-03,+0.0E+00,+0.0E+00,-201.005E-03
+697.600E-03,-7.538E-03,-40.201E-03,-201.005E-03
+698.800E-03,-24.121E-03,-40.201E-03,-201.005E-03
+700.000E-03,+0.0E+00,+0.0E+00,-201.005E-03
+701.200E-03,-32.161E-03,-80.402E-03,-201.005E-03
+702.400E-03,-128.141E-03,+40.201E-03,-201.005E-03
+703.600E-03,+289.447E-03,+198.492E-03,-201.005E-03
+704.800E-03,+7.538E-03,-278.894E-03,-201.005E-03
+706.000E-03,-87.940E-03,-37.688E-03,+0.0E+00
+707.200E-03,+15.578E-03,+0.0E+00,+0.0E+00
+708.400E-03,-8.040E-03,-40.201E-03,-188.442E-03
+709.600E-03,-15.578E-03,-37.688E-03,-201.005E-03
+710.800E-03,+7.538E-03,-40.201E-03,-201.005E-03
+712.000E-03,-23.618E-03,-40.201E-03,+0.0E+00
+713.200E-03,+7.538E-03,-40.201E-03,-188.442E-03
+714.400E-03,+0.0E+00,-80.402E-03,-201.005E-03
+715.600E-03,+15.578E-03,+0.0E+00,-201.005E-03
+716.800E-03,-8.040E-03,-80.402E-03,-201.005E-03
+718.000E-03,-8.040E-03,-40.201E-03,+0.0E+00
+719.200E-03,+7.538E-03,+0.0E+00,+0.0E+00
+720.400E-03,-31.658E-03,-80.402E-03,+0.0E+00
+721.600E-03,+0.0E+00,-37.688E-03,-188.442E-03
+722.800E-03,-8.040E-03,-80.402E-03,+0.0E+00
+724.000E-03,-120.603E-03,+0.0E+00,-188.442E-03
+725.200E-03,+24.121E-03,+241.206E-03,-201.005E-03
+726.400E-03,+168.342E-03,-281.407E-03,-201.005E-03
+727.600E-03,-104.020E-03,-118.090E-03,+0.0E+00
+728.800E-03,-31.658E-03,+40.201E-03,-188.442E-03
+730.000E-03,-8.040E-03,-40.201E-03,+0.0E+00
+731.200E-03,-24.121E-03,-40.201E-03,+0.0E+00
+732.400E-03,+15.578E-03,-40.201E-03,+0.0E+00
+733.600E-03,-15.578E-03,-40.201E-03,+0.0E+00
+734.800E-03,+0.0E+00,-37.688E-03,-201.005E-03
+736.000E-03,+7.538E-03,-40.201E-03,-201.005E-03
+737.200E-03,+8.040E-03,-37.688E-03,+0.0E+00
+738.400E-03,+7.538E-03,-40.201E-03,-188.442E-03
+739.600E-03,+0.0E+00,-40.201E-03,-201.005E-03
+740.800E-03,-7.538E-03,-40.201E-03,-201.005E-03
+742.000E-03,-8.040E-03,-40.201E-03,+0.0E+00
+743.200E-03,-16.080E-03,+0.0E+00,-389.447E-03
+744.400E-03,+16.080E-03,-40.201E-03,+0.0E+00
+745.600E-03,-80.402E-03,-118.090E-03,-201.005E-03
+746.800E-03,-87.940E-03,+120.603E-03,-188.442E-03
+748.000E-03,+353.266E-03,-160.804E-03,-389.447E-03
+749.200E-03,-88.442E-03,-158.291E-03,-201.005E-03
+750.400E-03,-55.779E-03,+0.0E+00,+0.0E+00
+751.600E-03,+16.080E-03,-37.688E-03,-201.005E-03
+752.800E-03,-24.121E-03,-37.688E-03,-201.005E-03
+754.000E-03,+7.538E-03,+0.0E+00,-188.442E-03
+755.200E-03,+0.0E+00,-77.889E-03,+0.0E+00
+756.400E-03,-31.658E-03,-37.688E-03,-201.005E-03
+757.600E-03,-16.080E-03,-40.201E-03,-201.005E-03
+758.800E-03,+0.0E+00,-37.688E-03,-201.005E-03
+760.000E-03,+8.040E-03,-40.201E-03,-201.005E-03
+761.200E-03,-8.040E-03,-77.889E-03,-188.442E-03
+762.400E-03,+0.0E+00,-37.688E-03,-201.005E-03
+763.600E-03,-7.538E-03,-40.201E-03,-201.005E-03
+764.800E-03,-47.739E-03,-37.688E-03,-201.005E-03
+766.000E-03,+8.040E-03,-37.688E-03,-201.005E-03
+767.200E-03,-16.080E-03,-118.090E-03,+0.0E+00
+768.400E-03,-120.603E-03,+40.201E-03,+0.0E+00
+769.600E-03,+184.925E-03,+198.492E-03,+0.0E+00
+770.800E-03,+23.618E-03,-241.206E-03,-188.442E-03
+772.000E-03,-104.523E-03,-40.201E-03,-201.005E-03
+773.200E-03,+8.040E-03,-37.688E-03,-201.005E-03
+774.400E-03,+0.0E+00,-40.201E-03,+0.0E+00
+775.600E-03,-31.658E-03,-40.201E-03,+0.0E+00
+776.800E-03,+15.578E-03,-80.402E-03,-201.005E-03
+778.000E-03,-23.618E-03,+0.0E+00,-201.005E-03
+779.200E-03,-7.538E-03,-40.201E-03,-389.447E-03
+780.400E-03,+0.0E+00,-40.201E-03,+0.0E+00
+781.600E-03,-8.040E-03,-40.201E-03,-201.005E-03
+782.800E-03,+7.538E-03,+0.0E+00,-201.005E-03
+784.000E-03,-16.080E-03,+0.0E+00,+0.0E+00
+785.200E-03,+15.578E-03,+0.0E+00,+0.0E+00
+786.400E-03,-24.121E-03,-40.201E-03,-188.442E-03
+787.600E-03,+0.0E+00,+0.0E+00,+0.0E+00
+788.800E-03,+7.538E-03,-80.402E-03,-201.005E-03
+790.000E-03,-104.523E-03,-37.688E-03,-201.005E-03
+791.200E-03,-15.578E-03,+201.005E-03,-188.442E-03
+792.400E-03,+168.342E-03,-241.206E-03,-201.005E-03
+793.600E-03,-88.442E-03,-118.090E-03,-188.442E-03
+794.800E-03,+0.0E+00,+0.0E+00,-201.005E-03
+796.000E-03,+15.578E-03,-77.889E-03,+0.0E+00
+797.200E-03,-23.618E-03,-37.688E-03,-201.005E-03
+798.400E-03,+15.578E-03,+0.0E+00,-389.447E-03
+799.600E-03,-23.618E-03,-40.201E-03,+0.0E+00
+800.800E-03,-15.578E-03,-77.889E-03,-389.447E-03
+802.000E-03,+0.0E+00,-40.201E-03,+0.0E+00
+803.200E-03,-8.040E-03,-40.201E-03,-389.447E-03
+804.400E-03,-8.040E-03,-40.201E-03,-201.005E-03
+805.600E-03,-23.618E-03,-40.201E-03,-201.005E-03
+806.800E-03,-8.040E-03,-40.201E-03,-201.005E-03
+808.000E-03,-8.040E-03,-80.402E-03,-201.005E-03
+809.200E-03,-15.578E-03,-40.201E-03,-201.005E-03
+810.400E-03,+0.0E+00,-40.201E-03,-201.005E-03
+811.600E-03,-80.402E-03,-40.201E-03,-201.005E-03
+812.800E-03,-71.859E-03,+120.603E-03,-389.447E-03
+814.000E-03,+353.266E-03,-80.402E-03,-201.005E-03
+815.200E-03,-64.322E-03,-160.804E-03,+0.0E+00
+816.400E-03,-63.819E-03,+0.0E+00,-201.005E-03
+817.600E-03,+8.040E-03,-40.201E-03,-201.005E-03
+818.800E-03,-24.121E-03,-77.889E-03,+0.0E+00
+820.000E-03,-7.538E-03,-40.201E-03,-201.005E-03
+821.200E-03,-8.040E-03,-40.201E-03,-188.442E-03
+822.400E-03,-8.040E-03,-77.889E-03,+0.0E+00
+823.600E-03,+0.0E+00,-40.201E-03,-201.005E-03
+824.800E-03,-7.538E-03,-77.889E-03,-201.005E-03
+826.000E-03,+7.538E-03,-40.201E-03,-201.005E-03
+827.200E-03,+0.0E+00,-77.889E-03,-201.005E-03
+828.400E-03,-7.538E-03,-37.688E-03,-201.005E-03
+829.600E-03,-8.040E-03,-40.201E-03,-201.005E-03
+830.800E-03,-24.121E-03,+0.0E+00,-201.005E-03
+832.000E-03,+8.040E-03,+0.0E+00,-188.442E-03
+833.200E-03,-24.121E-03,-77.889E-03,+0.0E+00
+834.400E-03,-136.181E-03,+40.201E-03,-188.442E-03
+835.600E-03,+241.206E-03,+198.492E-03,-201.005E-03
+836.800E-03,+0.0E+00,-238.693E-03,+0.0E+00
+838.000E-03,-87.940E-03,-37.688E-03,-201.005E-03
+839.200E-03,+15.578E-03,+0.0E+00,-402.010E-03
+840.400E-03,+0.0E+00,-77.889E-03,-188.442E-03
+841.600E-03,-15.578E-03,-40.201E-03,-201.005E-03
+842.800E-03,+0.0E+00,-40.201E-03,-201.005E-03
+844.000E-03,-24.121E-03,-37.688E-03,-201.005E-03
+845.200E-03,-8.040E-03,-77.889E-03,+0.0E+00
+846.400E-03,-15.578E-03,-40.201E-03,+0.0E+00
+847.600E-03,+0.0E+00,-40.201E-03,-201.005E-03
+848.800E-03,-8.040E-03,-40.201E-03,-201.005E-03
+850.000E-03,-24.121E-03,-77.889E-03,+0.0E+00
+851.200E-03,+7.538E-03,-40.201E-03,+0.0E+00
+852.400E-03,-24.121E-03,-40.201E-03,-188.442E-03
+853.600E-03,-7.538E-03,-77.889E-03,-201.005E-03
+854.800E-03,+0.0E+00,-80.402E-03,-201.005E-03
+856.000E-03,-120.101E-03,-37.688E-03,-188.442E-03
+857.200E-03,+8.040E-03,+201.005E-03,-188.442E-03
+858.400E-03,+200.503E-03,-281.407E-03,+0.0E+00
+859.600E-03,-96.482E-03,-77.889E-03,-389.447E-03
+860.800E-03,-31.658E-03,+0.0E+00,+0.0E+00
+862.000E-03,+0.0E+00,-40.201E-03,-188.442E-03
+863.200E-03,-8.040E-03,-40.201E-03,-188.442E-03
+864.400E-03,-7.538E-03,-40.201E-03,-201.005E-03
+865.600E-03,+0.0E+00,-40.201E-03,+0.0E+00
+866.800E-03,-15.578E-03,-77.889E-03,-201.005E-03
+868.000E-03,+0.0E+00,-77.889E-03,-201.005E-03
+869.200E-03,-7.538E-03,-40.201E-03,+0.0E+00
+870.400E-03,+7.538E-03,-40.201E-03,-201.005E-03
+871.600E-03,-23.618E-03,-40.201E-03,+0.0E+00
+872.800E-03,+0.0E+00,-40.201E-03,+0.0E+00
+874.000E-03,+0.0E+00,-40.201E-03,-201.005E-03
+875.200E-03,-15.578E-03,-40.201E-03,-201.005E-03
+876.400E-03,+7.538E-03,-40.201E-03,-188.442E-03
+877.600E-03,-64.322E-03,-77.889E-03,-389.447E-03
+878.800E-03,-71.859E-03,+80.402E-03,-201.005E-03
+880.000E-03,+280.905E-03,-201.005E-03,-201.005E-03
+881.200E-03,-96.482E-03,-118.090E-03,-201.005E-03
+882.400E-03,-47.739E-03,+0.0E+00,-201.005E-03
+883.600E-03,+0.0E+00,+0.0E+00,-201.005E-03
+884.800E-03,-23.618E-03,-40.201E-03,-201.005E-03
+886.000E-03,-8.040E-03,-40.201E-03,-188.442E-03
+887.200E-03,+0.0E+00,-40.201E-03,-201.005E-03
+888.400E-03,-8.040E-03,-40.201E-03,-201.005E-03
+889.600E-03,+0.0E+00,-40.201E-03,-201.005E-03
+890.800E-03,+7.538E-03,-40.201E-03,+0.0E+00
+892.000E-03,+7.538E-03,-40.201E-03,-188.442E-03
+893.200E-03,-31.658E-03,-40.201E-03,-201.005E-03
+894.400E-03,-15.578E-03,+0.0E+00,+0.0E+00
+895.600E-03,+0.0E+00,-40.201E-03,+0.0E+00
+896.800E-03,-39.698E-03,-40.201E-03,+0.0E+00
+898.000E-03,+8.040E-03,+0.0E+00,+0.0E+00
+899.200E-03,-32.161E-03,-80.402E-03,+0.0E+00
+900.400E-03,-112.060E-03,+40.201E-03,-188.442E-03
+901.600E-03,+297.487E-03,+118.090E-03,+0.0E+00
+902.800E-03,-32.161E-03,-238.693E-03,-389.447E-03
+904.000E-03,-87.940E-03,-40.201E-03,+0.0E+00
+905.200E-03,+0.0E+00,+0.0E+00,-201.005E-03
+906.400E-03,-16.080E-03,-77.889E-03,+0.0E+00
+907.600E-03,-23.618E-03,-40.201E-03,-389.447E-03
+908.800E-03,-7.538E-03,-80.402E-03,-201.005E-03
+910.000E-03,-31.658E-03,-40.201E-03,-201.005E-03
+911.200E-03,-8.040E-03,-37.688E-03,-201.005E-03
+912.400E-03,+0.0E+00,-40.201E-03,+0.0E+00
+913.600E-03,+15.578E-03,-40.201E-03,+0.0E+00
+914.800E-03,-16.080E-03,-77.889E-03,-201.005E-03
+916.000E-03,-8.040E-03,-40.201E-03,-188.442E-03
+917.200E-03,+15.578E-03,-40.201E-03,-201.005E-03
+918.400E-03,-24.121E-03,-77.889E-03,-201.005E-03
+919.600E-03,-7.538E-03,-77.889E-03,-201.005E-03
+920.800E-03,+15.578E-03,-80.402E-03,-201.005E-03
+922.000E-03,-96.482E-03,-37.688E-03,-389.447E-03
+923.200E-03,+64.322E-03,+201.005E-03,+0.0E+00
+924.400E-03,+112.060E-03,-241.206E-03,-201.005E-03
+925.600E-03,-104.523E-03,-77.889E-03,+0.0E+00
+926.800E-03,-15.578E-03,+0.0E+00,+0.0E+00
+928.000E-03,-7.538E-03,-77.889E-03,-201.005E-03
+929.200E-03,-24.121E-03,-40.201E-03,-389.447E-03
+930.400E-03,+0.0E+00,-40.201E-03,-201.005E-03
+931.600E-03,-8.040E-03,-40.201E-03,-201.005E-03
+932.800E-03,-8.040E-03,-40.201E-03,+0.0E+00
+934.000E-03,+0.0E+00,-40.201E-03,-201.005E-03
+935.200E-03,-8.040E-03,-40.201E-03,+0.0E+00
+936.400E-03,-15.578E-03,-40.201E-03,-201.005E-03
+937.600E-03,-8.040E-03,-40.201E-03,-201.005E-03
+938.800E-03,+0.0E+00,-40.201E-03,-201.005E-03
+940.000E-03,-16.080E-03,-40.201E-03,+0.0E+00
+941.200E-03,-16.080E-03,+0.0E+00,-201.005E-03
+942.400E-03,+15.578E-03,-40.201E-03,+0.0E+00
+943.600E-03,-48.241E-03,-40.201E-03,+0.0E+00
+944.800E-03,-39.698E-03,+160.804E-03,-188.442E-03
+946.000E-03,+313.065E-03,-120.603E-03,-201.005E-03
+947.200E-03,-88.442E-03,-158.291E-03,-188.442E-03
+948.400E-03,-55.779E-03,-37.688E-03,-188.442E-03
+949.600E-03,+15.578E-03,-80.402E-03,-201.005E-03
+950.800E-03,-8.040E-03,+0.0E+00,-201.005E-03
+952.000E-03,+0.0E+00,-40.201E-03,-389.447E-03
+953.200E-03,+0.0E+00,-40.201E-03,-201.005E-03
+954.400E-03,-16.080E-03,-40.201E-03,-188.442E-03
+955.600E-03,-15.578E-03,-40.201E-03,+0.0E+00
+956.800E-03,-23.618E-03,-77.889E-03,-188.442E-03
+958.000E-03,+7.538E-03,-40.201E-03,+0.0E+00
+959.200E-03,-16.080E-03,-40.201E-03,-201.005E-03
+960.400E-03,-8.040E-03,+0.0E+00,-201.005E-03
+961.600E-03,-8.040E-03,+0.0E+00,+0.0E+00
+962.800E-03,-32.161E-03,-40.201E-03,-389.447E-03
+964.000E-03,+8.040E-03,-40.201E-03,+0.0E+00
+965.200E-03,-32.161E-03,-80.402E-03,-201.005E-03
+966.400E-03,-104.020E-03,+40.201E-03,-389.447E-03
+967.600E-03,+209.045E-03,+198.492E-03,-201.005E-03
+968.800E-03,-24.121E-03,-241.206E-03,-188.442E-03
+970.000E-03,-95.980E-03,-37.688E-03,-201.005E-03
+971.200E-03,+8.040E-03,-40.201E-03,-188.442E-03
+972.400E-03,+15.578E-03,-40.201E-03,+0.0E+00
+973.600E-03,-16.080E-03,+0.0E+00,-188.442E-03
+974.800E-03,+0.0E+00,-40.201E-03,+0.0E+00
+976.000E-03,-31.658E-03,-40.201E-03,-201.005E-03
+977.200E-03,+0.0E+00,-40.201E-03,-201.005E-03
+978.400E-03,-8.040E-03,-80.402E-03,-201.005E-03
+979.600E-03,-15.578E-03,-40.201E-03,-188.442E-03
+980.800E-03,-23.618E-03,-40.201E-03,-201.005E-03
+982.000E-03,-7.538E-03,-40.201E-03,-188.442E-03
+983.200E-03,+0.0E+00,-40.201E-03,+0.0E+00
+984.400E-03,-31.658E-03,-40.201E-03,-201.005E-03
+985.600E-03,-15.578E-03,+0.0E+00,+0.0E+00
+986.800E-03,-7.538E-03,-80.402E-03,-201.005E-03
+988.000E-03,-112.563E-03,+0.0E+00,-201.005E-03
+989.200E-03,+40.201E-03,+160.804E-03,+0.0E+00
+990.400E-03,+128.141E-03,-281.407E-03,-201.005E-03
+991.600E-03,-96.482E-03,-77.889E-03,-201.005E-03
+992.800E-03,-31.658E-03,+0.0E+00,+0.0E+00
+994.000E-03,-15.578E-03,-77.889E-03,-201.005E-03
+995.200E-03,-16.080E-03,-40.201E-03,-188.442E-03
+996.400E-03,-7.538E-03,-40.201E-03,-402.010E-03
+997.600E-03,-16.080E-03,-77.889E-03,+0.0E+00
+998.800E-03,-23.618E-03,+0.0E+00,-201.005E-03
+1.000000E+00,+8.040E-03,+0.0E+00,+0.0E+00
+1.001200E+00,-8.040E-03,+0.0E+00,-201.005E-03
+1.002400E+00,-7.538E-03,-40.201E-03,-188.442E-03
+1.003600E+00,-23.618E-03,-40.201E-03,-201.005E-03
+1.004800E+00,+0.0E+00,-40.201E-03,-389.447E-03
+1.006000E+00,-8.040E-03,-80.402E-03,+0.0E+00
+1.007200E+00,-23.618E-03,-37.688E-03,-201.005E-03
+1.008400E+00,+23.618E-03,+0.0E+00,+0.0E+00
+1.009600E+00,-64.322E-03,-80.402E-03,-201.005E-03
+1.010800E+00,-79.899E-03,+120.603E-03,+0.0E+00
+1.012000E+00,+321.106E-03,-120.603E-03,+0.0E+00
+1.013200E+00,-56.281E-03,-160.804E-03,+0.0E+00
+1.014400E+00,-40.201E-03,+0.0E+00,-201.005E-03
+1.015600E+00,+23.618E-03,-80.402E-03,-188.442E-03
+1.016800E+00,-16.080E-03,-77.889E-03,-201.005E-03
+1.018000E+00,+0.0E+00,-40.201E-03,-188.442E-03
+1.019200E+00,+0.0E+00,-40.201E-03,+0.0E+00
+1.020400E+00,-23.618E-03,-40.201E-03,+0.0E+00
+1.021600E+00,+0.0E+00,-40.201E-03,-201.005E-03
+1.022800E+00,-23.618E-03,-77.889E-03,-201.005E-03
+1.024000E+00,+7.538E-03,+0.0E+00,+0.0E+00
+1.025200E+00,-23.618E-03,-40.201E-03,-188.442E-03
+1.026400E+00,-23.618E-03,+0.0E+00,+0.0E+00
+1.027600E+00,+7.538E-03,-40.201E-03,-201.005E-03
+1.028800E+00,-24.121E-03,-77.889E-03,-201.005E-03
+1.030000E+00,+8.040E-03,-40.201E-03,-201.005E-03
+1.031200E+00,-40.201E-03,-40.201E-03,-389.447E-03
+1.032400E+00,-120.101E-03,+40.201E-03,-188.442E-03
+1.033600E+00,+241.206E-03,+158.291E-03,+0.0E+00
+1.034800E+00,+7.538E-03,-198.492E-03,+0.0E+00
+1.036000E+00,-87.940E-03,-37.688E-03,-201.005E-03
+1.037200E+00,+0.0E+00,-40.201E-03,+0.0E+00
+1.038400E+00,-16.080E-03,-80.402E-03,-201.005E-03
+1.039600E+00,-24.121E-03,+0.0E+00,+0.0E+00
+1.040800E+00,+0.0E+00,-40.201E-03,-188.442E-03
+1.042000E+00,-15.578E-03,+0.0E+00,-201.005E-03
+1.043200E+00,+7.538E-03,-40.201E-03,-201.005E-03
+1.044400E+00,-8.040E-03,-40.201E-03,-188.442E-03
+1.045600E+00,+0.0E+00,+0.0E+00,-389.447E-03
+1.046800E+00,-16.080E-03,-40.201E-03,+0.0E+00
+1.048000E+00,-15.578E-03,+0.0E+00,+0.0E+00
+1.049200E+00,+0.0E+00,-40.201E-03,-201.005E-03
+1.050400E+00,-23.618E-03,-37.688E-03,-201.005E-03
+1.051600E+00,-8.040E-03,+0.0E+00,-201.005E-03
+1.052800E+00,+8.040E-03,-40.201E-03,-201.005E-03
+1.054000E+00,-104.523E-03,+0.0E+00,-201.005E-03
+1.055200E+00,+0.0E+00,+120.603E-03,-201.005E-03
+1.056400E+00,+112.060E-03,-238.693E-03,-201.005E-03
+1.057600E+00,-88.442E-03,-80.402E-03,-201.005E-03
+1.058800E+00,-15.578E-03,+0.0E+00,-201.005E-03
+1.060000E+00,+0.0E+00,-77.889E-03,+0.0E+00
+1.061200E+00,-31.658E-03,-77.889E-03,-201.005E-03
+1.062400E+00,+8.040E-03,-40.201E-03,-188.442E-03
+1.063600E+00,-31.658E-03,-80.402E-03,-201.005E-03
+1.064800E+00,-16.080E-03,-37.688E-03,-201.005E-03
+1.066000E+00,+0.0E+00,-80.402E-03,-201.005E-03
+1.067200E+00,-7.538E-03,-37.688E-03,-201.005E-03
+1.068400E+00,-7.538E-03,-40.201E-03,-201.005E-03
+1.069600E+00,-16.080E-03,-40.201E-03,-402.010E-03
+1.070800E+00,+0.0E+00,-40.201E-03,-201.005E-03
+1.072000E+00,-8.040E-03,-77.889E-03,-201.005E-03
+1.073200E+00,-23.618E-03,+0.0E+00,-201.005E-03
+1.074400E+00,+8.040E-03,-40.201E-03,-201.005E-03
+1.075600E+00,-72.362E-03,-80.402E-03,-201.005E-03
+1.076800E+00,-40.201E-03,+120.603E-03,-201.005E-03
+1.078000E+00,+288.945E-03,-80.402E-03,+0.0E+00
+1.079200E+00,-80.402E-03,-120.603E-03,-201.005E-03
+1.080400E+00,-47.739E-03,-37.688E-03,-188.442E-03
+1.081600E+00,+8.040E-03,-40.201E-03,-201.005E-03
+1.082800E+00,-23.618E-03,-80.402E-03,-201.005E-03
+1.084000E+00,+0.0E+00,+0.0E+00,-201.005E-03
+1.085200E+00,-7.538E-03,-40.201E-03,-201.005E-03
+1.086400E+00,-24.121E-03,-40.201E-03,-201.005E-03
+1.087600E+00,+0.0E+00,-77.889E-03,+0.0E+00
+1.088800E+00,-23.618E-03,-77.889E-03,-201.005E-03
+1.090000E+00,+7.538E-03,-40.201E-03,-201.005E-03
+1.091200E+00,-16.080E-03,-40.201E-03,-188.442E-03
+1.092400E+00,-7.538E-03,+0.0E+00,-188.442E-03
+1.093600E+00,-7.538E-03,-40.201E-03,-389.447E-03
+1.094800E+00,-8.040E-03,-77.889E-03,+0.0E+00
+1.096000E+00,+23.618E-03,-40.201E-03,+0.0E+00
+1.097200E+00,-24.121E-03,-40.201E-03,-188.442E-03
+1.098400E+00,-88.442E-03,+80.402E-03,-188.442E-03
+1.099600E+00,+217.085E-03,+118.090E-03,-188.442E-03
+1.100800E+00,+7.538E-03,-238.693E-03,-402.010E-03
+1.102000E+00,-87.940E-03,-37.688E-03,-201.005E-03
+1.103200E+00,+8.040E-03,-40.201E-03,-188.442E-03
+1.104400E+00,-16.080E-03,-40.201E-03,-389.447E-03
+1.105600E+00,-15.578E-03,-37.688E-03,+0.0E+00
+1.106800E+00,+0.0E+00,-40.201E-03,-201.005E-03
+1.108000E+00,-8.040E-03,-40.201E-03,+0.0E+00
+1.109200E+00,+0.0E+00,-40.201E-03,+0.0E+00
+1.110400E+00,-8.040E-03,-40.201E-03,-201.005E-03
+1.111600E+00,-8.040E-03,-37.688E-03,-201.005E-03
+1.112800E+00,+0.0E+00,-40.201E-03,-402.010E-03
+1.114000E+00,-31.658E-03,-40.201E-03,-201.005E-03
+1.115200E+00,+0.0E+00,-40.201E-03,-201.005E-03
+1.116400E+00,-15.578E-03,-40.201E-03,-201.005E-03
+1.117600E+00,+0.0E+00,-37.688E-03,-201.005E-03
+1.118800E+00,+0.0E+00,-40.201E-03,-389.447E-03
+1.120000E+00,-96.482E-03,-40.201E-03,-201.005E-03
+1.121200E+00,+32.161E-03,+120.603E-03,-201.005E-03
+1.122400E+00,+112.060E-03,-278.894E-03,+0.0E+00
+1.123600E+00,-104.020E-03,-77.889E-03,-201.005E-03
+1.124800E+00,+8.040E-03,+0.0E+00,-201.005E-03
+1.126000E+00,-16.080E-03,-40.201E-03,+0.0E+00
+1.127200E+00,-16.080E-03,+0.0E+00,+0.0E+00
+1.128400E+00,+0.0E+00,+0.0E+00,-201.005E-03
+1.129600E+00,-8.040E-03,-40.201E-03,-201.005E-03
+1.130800E+00,+0.0E+00,-40.201E-03,-201.005E-03
+1.132000E+00,+0.0E+00,-40.201E-03,-201.005E-03
+1.133200E+00,+0.0E+00,+0.0E+00,+0.0E+00
+1.134400E+00,-7.538E-03,-80.402E-03,-201.005E-03
+1.135600E+00,-16.080E-03,-40.201E-03,-201.005E-03
+1.136800E+00,+0.0E+00,-40.201E-03,+0.0E+00
+1.138000E+00,-15.578E-03,-37.688E-03,-201.005E-03
+1.139200E+00,-8.040E-03,-40.201E-03,-201.005E-03
+1.140400E+00,+23.618E-03,-40.201E-03,+0.0E+00
+1.141600E+00,-72.362E-03,-77.889E-03,+0.0E+00
+1.142800E+00,-47.739E-03,+120.603E-03,-201.005E-03
+1.144000E+00,+256.784E-03,-120.603E-03,-201.005E-03
+1.145200E+00,-64.322E-03,-158.291E-03,-201.005E-03
+1.146400E+00,-55.779E-03,+0.0E+00,-201.005E-03
+1.147600E+00,+15.578E-03,+0.0E+00,+0.0E+00
+1.148800E+00,-8.040E-03,-40.201E-03,-201.005E-03
+1.150000E+00,-7.538E-03,-40.201E-03,-201.005E-03
+1.151200E+00,-8.040E-03,-77.889E-03,-201.005E-03
+1.152400E+00,-16.080E-03,-40.201E-03,+0.0E+00
+1.153600E+00,+0.0E+00,-40.201E-03,-389.447E-03
+1.154800E+00,-23.618E-03,-37.688E-03,-201.005E-03
+1.156000E+00,+7.538E-03,-37.688E-03,-201.005E-03
+1.157200E+00,+0.0E+00,-77.889E-03,-201.005E-03
+1.158400E+00,-8.040E-03,-40.201E-03,+0.0E+00
+1.159600E+00,+0.0E+00,-40.201E-03,+0.0E+00
+1.160800E+00,-24.121E-03,-40.201E-03,-201.005E-03
+1.162000E+00,+7.538E-03,+0.0E+00,-201.005E-03
+1.163200E+00,-39.698E-03,-77.889E-03,-188.442E-03
+1.164400E+00,-88.442E-03,+0.0E+00,+0.0E+00
+1.165600E+00,+201.005E-03,+158.291E-03,-188.442E-03
+1.166800E+00,-32.161E-03,-198.492E-03,+0.0E+00
+1.168000E+00,-80.402E-03,-37.688E-03,-201.005E-03
+1.169200E+00,+0.0E+00,-40.201E-03,-201.005E-03
+1.170400E+00,-16.080E-03,-77.889E-03,-201.005E-03
+1.171600E+00,-8.040E-03,-37.688E-03,-201.005E-03
+1.172800E+00,+0.0E+00,-40.201E-03,-201.005E-03
+1.174000E+00,+0.0E+00,-40.201E-03,-201.005E-03
+1.175200E+00,+0.0E+00,-37.688E-03,-389.447E-03
+1.176400E+00,-8.040E-03,-40.201E-03,+0.0E+00
+1.177600E+00,+15.578E-03,-40.201E-03,-201.005E-03
+1.178800E+00,-8.040E-03,-40.201E-03,-201.005E-03
+1.180000E+00,-23.618E-03,-77.889E-03,-188.442E-03
+1.181200E+00,+15.578E-03,-80.402E-03,+0.0E+00
+1.182400E+00,-16.080E-03,-40.201E-03,-201.005E-03
+1.183600E+00,-15.578E-03,+0.0E+00,+0.0E+00
+1.184800E+00,-7.538E-03,-77.889E-03,+0.0E+00
+1.186000E+00,-95.980E-03,-37.688E-03,-201.005E-03
+1.187200E+00,+8.040E-03,+120.603E-03,-201.005E-03
+1.188400E+00,+104.020E-03,-241.206E-03,-188.442E-03
+1.189600E+00,-87.940E-03,-80.402E-03,-188.442E-03
+1.190800E+00,-15.578E-03,-37.688E-03,-201.005E-03
+1.192000E+00,+15.578E-03,-40.201E-03,-201.005E-03
+1.193200E+00,-8.040E-03,-40.201E-03,-402.010E-03
+1.194400E+00,+8.040E-03,-40.201E-03,-201.005E-03
+1.195600E+00,-8.040E-03,-40.201E-03,-201.005E-03
+1.196800E+00,-15.578E-03,-77.889E-03,-201.005E-03
+1.198000E+00,+0.0E+00,-40.201E-03,-201.005E-03
+1.199200E+00,-15.578E-03,+0.0E+00,-201.005E-03
+1.200400E+00,+0.0E+00,-40.201E-03,+0.0E+00
+1.201600E+00,-15.578E-03,-37.688E-03,+0.0E+00
+1.202800E+00,-15.578E-03,-40.201E-03,-201.005E-03
+1.204000E+00,-16.080E-03,-40.201E-03,-201.005E-03
+1.205200E+00,-15.578E-03,-40.201E-03,-201.005E-03
+1.206400E+00,+8.040E-03,-40.201E-03,-201.005E-03
+1.207600E+00,-56.281E-03,-40.201E-03,+0.0E+00
+1.208800E+00,-71.859E-03,+80.402E-03,+0.0E+00
+1.210000E+00,+288.945E-03,-120.603E-03,-201.005E-03
+1.211200E+00,-72.362E-03,-118.090E-03,+0.0E+00
+1.212400E+00,-47.739E-03,+0.0E+00,-201.005E-03
+1.213600E+00,+15.578E-03,-40.201E-03,-188.442E-03
+1.214800E+00,-23.618E-03,+0.0E+00,+0.0E+00
+1.216000E+00,+7.538E-03,+0.0E+00,-389.447E-03
+1.217200E+00,+7.538E-03,-80.402E-03,+0.0E+00
+1.218400E+00,-8.040E-03,-40.201E-03,-389.447E-03
+1.219600E+00,+8.040E-03,+0.0E+00,-389.447E-03
+1.220800E+00,+7.538E-03,-77.889E-03,+0.0E+00
+1.222000E+00,+8.040E-03,-40.201E-03,+0.0E+00
+1.223200E+00,-23.618E-03,-40.201E-03,-201.005E-03
+1.224400E+00,-15.578E-03,-40.201E-03,-188.442E-03
+1.225600E+00,+7.538E-03,-77.889E-03,-201.005E-03
+1.226800E+00,-15.578E-03,+0.0E+00,-201.005E-03
+1.228000E+00,+8.040E-03,-40.201E-03,-201.005E-03
+1.229200E+00,-24.121E-03,-118.090E-03,-188.442E-03
+1.230400E+00,-104.523E-03,+40.201E-03,-188.442E-03
+1.231600E+00,+136.683E-03,+158.291E-03,-201.005E-03
+1.232800E+00,+15.578E-03,-238.693E-03,-188.442E-03
+1.234000E+00,-71.859E-03,-77.889E-03,-201.005E-03
+1.235200E+00,+0.0E+00,-40.201E-03,-201.005E-03
+1.236400E+00,-16.080E-03,-40.201E-03,-188.442E-03
+1.237600E+00,-7.538E-03,-40.201E-03,-201.005E-03
+1.238800E+00,+0.0E+00,-77.889E-03,+0.0E+00
+1.240000E+00,-16.080E-03,-37.688E-03,-201.005E-03
+1.241200E+00,+7.538E-03,+0.0E+00,-201.005E-03
+1.242400E+00,-15.578E-03,-77.889E-03,-201.005E-03
+1.243600E+00,+7.538E-03,+0.0E+00,-201.005E-03
+1.244800E+00,-23.618E-03,-77.889E-03,-201.005E-03
+1.246000E+00,+0.0E+00,-40.201E-03,-201.005E-03
+1.247200E+00,-15.578E-03,-40.201E-03,-201.005E-03
+1.248400E+00,-32.161E-03,-40.201E-03,+0.0E+00
+1.249600E+00,-15.578E-03,-40.201E-03,-201.005E-03
+1.250800E+00,-8.040E-03,-40.201E-03,-188.442E-03
+1.252000E+00,-88.442E-03,-37.688E-03,-188.442E-03
+1.253200E+00,+16.080E-03,+160.804E-03,+0.0E+00
+1.254400E+00,+95.980E-03,-201.005E-03,+0.0E+00
+1.255600E+00,-80.402E-03,-77.889E-03,-201.005E-03
+1.256800E+00,-15.578E-03,+0.0E+00,-201.005E-03
+1.258000E+00,+0.0E+00,-77.889E-03,+0.0E+00
+1.259200E+00,-23.618E-03,-40.201E-03,+0.0E+00
+1.260400E+00,+7.538E-03,+0.0E+00,+0.0E+00
+1.261600E+00,-15.578E-03,-40.201E-03,-188.442E-03
+1.262800E+00,+7.538E-03,-40.201E-03,-188.442E-03
+1.264000E+00,-15.578E-03,-40.201E-03,-201.005E-03
+1.265200E+00,+7.538E-03,-37.688E-03,-188.442E-03
+1.266400E+00,+0.0E+00,-40.201E-03,-201.005E-03
+1.267600E+00,-15.578E-03,+0.0E+00,-201.005E-03
+1.268800E+00,+7.538E-03,-77.889E-03,+0.0E+00
+1.270000E+00,-8.040E-03,-40.201E-03,-201.005E-03
+1.271200E+00,-15.578E-03,+0.0E+00,-201.005E-03
+1.272400E+00,+8.040E-03,-40.201E-03,-201.005E-03
+1.273600E+00,-48.241E-03,-77.889E-03,-201.005E-03
+1.274800E+00,-63.819E-03,+80.402E-03,+0.0E+00
+1.276000E+00,+264.824E-03,-40.201E-03,-201.005E-03
+1.277200E+00,-56.281E-03,-158.291E-03,-201.005E-03
+1.278400E+00,-47.739E-03,-37.688E-03,-201.005E-03
+1.279600E+00,+0.0E+00,-37.688E-03,-188.442E-03
+1.280800E+00,-24.121E-03,-40.201E-03,+0.0E+00
+1.282000E+00,-8.040E-03,-40.201E-03,+0.0E+00
+1.283200E+00,-7.538E-03,-40.201E-03,-201.005E-03
+1.284400E+00,-15.578E-03,-77.889E-03,-201.005E-03
+1.285600E+00,+0.0E+00,-40.201E-03,+0.0E+00
+1.286800E+00,+0.0E+00,-37.688E-03,-201.005E-03
+1.288000E+00,-7.538E-03,-40.201E-03,-201.005E-03
+1.289200E+00,-16.080E-03,-77.889E-03,+0.0E+00
+1.290400E+00,-7.538E-03,+0.0E+00,-201.005E-03
+1.291600E+00,+0.0E+00,-37.688E-03,-188.442E-03
+1.292800E+00,-24.121E-03,-40.201E-03,-201.005E-03
+1.294000E+00,+15.578E-03,-40.201E-03,-389.447E-03
+1.295200E+00,-31.658E-03,-118.090E-03,+0.0E+00
+1.296400E+00,-96.482E-03,+0.0E+00,-201.005E-03
+1.297600E+00,+209.045E-03,+118.090E-03,-188.442E-03
+1.298800E+00,-16.080E-03,-198.492E-03,-201.005E-03
+1.300000E+00,-63.819E-03,-37.688E-03,+0.0E+00
+1.301200E+00,+15.578E-03,+0.0E+00,-188.442E-03
+1.302400E+00,-8.040E-03,-40.201E-03,-201.005E-03
+1.303600E+00,-16.080E-03,-37.688E-03,-201.005E-03
+1.304800E+00,+8.040E-03,-40.201E-03,+0.0E+00
+1.306000E+00,-31.658E-03,-40.201E-03,-201.005E-03
+1.307200E+00,+0.0E+00,+0.0E+00,-201.005E-03
+1.308400E+00,+0.0E+00,-77.889E-03,-201.005E-03
+1.309600E+00,-7.538E-03,+0.0E+00,-188.442E-03
+1.310800E+00,-8.040E-03,-40.201E-03,-188.442E-03
+1.312000E+00,-16.080E-03,-40.201E-03,-402.010E-03
+1.313200E+00,-15.578E-03,-40.201E-03,+0.0E+00
+1.314400E+00,-16.080E-03,-40.201E-03,-201.005E-03
+1.315600E+00,-15.578E-03,-40.201E-03,-188.442E-03
+1.316800E+00,+7.538E-03,-80.402E-03,-188.442E-03
+1.318000E+00,-72.362E-03,-40.201E-03,-201.005E-03
+1.319200E+00,+0.0E+00,+120.603E-03,-201.005E-03
+1.320400E+00,+112.060E-03,-201.005E-03,-201.005E-03
+1.321600E+00,-87.940E-03,-77.889E-03,+0.0E+00
+1.322800E+00,-15.578E-03,-40.201E-03,-201.005E-03
+1.324000E+00,+0.0E+00,-77.889E-03,-201.005E-03
+1.325200E+00,-16.080E-03,-40.201E-03,-188.442E-03
+1.326400E+00,+0.0E+00,-40.201E-03,+0.0E+00
+1.327600E+00,-23.618E-03,-77.889E-03,-201.005E-03
+1.328800E+00,+0.0E+00,-40.201E-03,-389.447E-03
+1.330000E+00,+7.538E-03,-37.688E-03,-201.005E-03
+1.331200E+00,-8.040E-03,-40.201E-03,-201.005E-03
+1.332400E+00,-8.040E-03,-40.201E-03,-389.447E-03
+1.333600E+00,+7.538E-03,-40.201E-03,-201.005E-03
+1.334800E+00,-16.080E-03,-40.201E-03,-201.005E-03
+1.336000E+00,+0.0E+00,-40.201E-03,+0.0E+00
+1.337200E+00,-8.040E-03,-40.201E-03,-402.010E-03
+1.338400E+00,+15.578E-03,-40.201E-03,-201.005E-03
+1.339600E+00,-64.322E-03,-118.090E-03,-188.442E-03
+1.340800E+00,-16.080E-03,+118.090E-03,-201.005E-03
+1.342000E+00,+248.744E-03,-120.603E-03,-201.005E-03
+1.343200E+00,-72.362E-03,-120.603E-03,-201.005E-03
+1.344400E+00,-39.698E-03,-37.688E-03,-188.442E-03
+1.345600E+00,+31.658E-03,-40.201E-03,-201.005E-03
+1.346800E+00,-31.658E-03,-37.688E-03,+0.0E+00
+1.348000E+00,-15.578E-03,-40.201E-03,+0.0E+00
+1.349200E+00,-15.578E-03,-40.201E-03,+0.0E+00
+1.350400E+00,-23.618E-03,-77.889E-03,+0.0E+00
+1.351600E+00,+0.0E+00,-40.201E-03,-201.005E-03
+1.352800E+00,-7.538E-03,-40.201E-03,-201.005E-03
+1.354000E+00,-7.538E-03,-40.201E-03,-201.005E-03
+1.355200E+00,-16.080E-03,-40.201E-03,-201.005E-03
+1.356400E+00,-8.040E-03,-40.201E-03,+0.0E+00
+1.357600E+00,+0.0E+00,-77.889E-03,-201.005E-03
+1.358800E+00,-16.080E-03,-77.889E-03,-201.005E-03
+1.360000E+00,-7.538E-03,+0.0E+00,-188.442E-03
+1.361200E+00,-8.040E-03,-80.402E-03,+0.0E+00
+1.362400E+00,-79.899E-03,+0.0E+00,-201.005E-03
+1.363600E+00,+209.045E-03,+77.889E-03,-201.005E-03
+1.364800E+00,-16.080E-03,-160.804E-03,-201.005E-03
+1.366000E+00,-71.859E-03,-37.688E-03,-201.005E-03
+1.367200E+00,+0.0E+00,+0.0E+00,-201.005E-03
+1.368400E+00,-8.040E-03,-40.201E-03,+0.0E+00
+1.369600E+00,-8.040E-03,+0.0E+00,-201.005E-03
+1.370800E+00,-15.578E-03,-77.889E-03,-201.005E-03
+1.372000E+00,-16.080E-03,-77.889E-03,+0.0E+00
+1.373200E+00,+7.538E-03,+0.0E+00,-201.005E-03
+1.374400E+00,+0.0E+00,-40.201E-03,-201.005E-03
+1.375600E+00,+8.040E-03,-37.688E-03,-201.005E-03
+1.376800E+00,-16.080E-03,-40.201E-03,+0.0E+00
+1.378000E+00,-23.618E-03,-40.201E-03,-188.442E-03
+1.379200E+00,+0.0E+00,-37.688E-03,-201.005E-03
+1.380400E+00,-23.618E-03,-40.201E-03,+0.0E+00
+1.381600E+00,-15.578E-03,-40.201E-03,-201.005E-03
+1.382800E+00,+0.0E+00,-80.402E-03,+0.0E+00
+1.384000E+00,-88.442E-03,-37.688E-03,-389.447E-03
+1.385200E+00,+32.161E-03,+158.291E-03,-201.005E-03
+1.386400E+00,+112.060E-03,-241.206E-03,-201.005E-03
+1.387600E+00,-88.442E-03,-77.889E-03,-389.447E-03
+1.388800E+00,-7.538E-03,-40.201E-03,-188.442E-03
+1.390000E+00,+0.0E+00,-40.201E-03,-201.005E-03
+1.391200E+00,-23.618E-03,+0.0E+00,+0.0E+00
+1.392400E+00,+0.0E+00,-40.201E-03,+0.0E+00
+1.393600E+00,-8.040E-03,-40.201E-03,-201.005E-03
+1.394800E+00,-8.040E-03,-40.201E-03,-201.005E-03
+1.396000E+00,+8.040E-03,-77.889E-03,+0.0E+00
+1.397200E+00,-15.578E-03,-37.688E-03,+0.0E+00
+1.398400E+00,-8.040E-03,-40.201E-03,-201.005E-03
+1.399600E+00,-7.538E-03,-40.201E-03,-389.447E-03
+1.400800E+00,-7.538E-03,-37.688E-03,+0.0E+00
+1.402000E+00,+7.538E-03,-40.201E-03,-201.005E-03
+1.403200E+00,-23.618E-03,-77.889E-03,+0.0E+00
+1.404400E+00,+15.578E-03,-80.402E-03,-201.005E-03
+1.405600E+00,-48.241E-03,-77.889E-03,+0.0E+00
+1.406800E+00,-39.698E-03,+80.402E-03,+0.0E+00
+1.408000E+00,+240.704E-03,-80.402E-03,+0.0E+00
+1.409200E+00,-72.362E-03,-118.090E-03,+0.0E+00
+1.410400E+00,-32.161E-03,+0.0E+00,+0.0E+00
+1.411600E+00,+0.0E+00,-40.201E-03,-201.005E-03
+1.412800E+00,-31.658E-03,-77.889E-03,-201.005E-03
+1.414000E+00,-8.040E-03,-40.201E-03,-201.005E-03
+1.415200E+00,-7.538E-03,+0.0E+00,-188.442E-03
+1.416400E+00,-15.578E-03,-37.688E-03,-201.005E-03
+1.417600E+00,+0.0E+00,-40.201E-03,-201.005E-03
+1.418800E+00,+0.0E+00,-40.201E-03,-188.442E-03
+1.420000E+00,+0.0E+00,+0.0E+00,+0.0E+00
+1.421200E+00,-8.040E-03,-40.201E-03,-188.442E-03
+1.422400E+00,+0.0E+00,-37.688E-03,-201.005E-03
+1.423600E+00,-23.618E-03,-40.201E-03,-389.447E-03
+1.424800E+00,-23.618E-03,-77.889E-03,-201.005E-03
+1.426000E+00,+0.0E+00,-40.201E-03,+0.0E+00
+1.427200E+00,-16.080E-03,-80.402E-03,-188.442E-03
+1.428400E+00,-95.980E-03,+40.201E-03,-201.005E-03
+1.429600E+00,+192.965E-03,+80.402E-03,+0.0E+00
+1.430800E+00,+31.658E-03,-201.005E-03,-201.005E-03
+1.432000E+00,-55.779E-03,-40.201E-03,-201.005E-03
+1.433200E+00,+0.0E+00,+0.0E+00,-201.005E-03
+1.434400E+00,-23.618E-03,-40.201E-03,-201.005E-03
+1.435600E+00,-23.618E-03,-77.889E-03,-201.005E-03
+1.436800E+00,+0.0E+00,-40.201E-03,-201.005E-03
+1.438000E+00,-24.121E-03,-37.688E-03,-389.447E-03
+1.439200E+00,-15.578E-03,-40.201E-03,-201.005E-03
+1.440400E+00,+7.538E-03,-40.201E-03,-201.005E-03
+1.441600E+00,-7.538E-03,+0.0E+00,+0.0E+00
+1.442800E+00,+0.0E+00,-40.201E-03,-389.447E-03
+1.444000E+00,+0.0E+00,+0.0E+00,-188.442E-03
+1.445200E+00,-23.618E-03,-40.201E-03,-201.005E-03
+1.446400E+00,-24.121E-03,-40.201E-03,+0.0E+00
+1.447600E+00,-7.538E-03,-40.201E-03,-389.447E-03
+1.448800E+00,+15.578E-03,-120.603E-03,-201.005E-03
+1.450000E+00,-80.402E-03,-40.201E-03,-201.005E-03
+1.451200E+00,+40.201E-03,+120.603E-03,-201.005E-03
+1.452400E+00,+87.940E-03,-201.005E-03,-201.005E-03
+1.453600E+00,-72.362E-03,-80.402E-03,+0.0E+00
+1.454800E+00,-15.578E-03,+0.0E+00,-201.005E-03
+1.456000E+00,-8.040E-03,-40.201E-03,-201.005E-03
+1.457200E+00,-24.121E-03,+0.0E+00,-201.005E-03
+1.458400E+00,+0.0E+00,-40.201E-03,+0.0E+00
+1.459600E+00,-8.040E-03,-77.889E-03,-201.005E-03
+1.460800E+00,-15.578E-03,-40.201E-03,-201.005E-03
+1.462000E+00,+0.0E+00,-40.201E-03,-201.005E-03
+1.463200E+00,+0.0E+00,-40.201E-03,-201.005E-03
+1.464400E+00,+7.538E-03,-40.201E-03,+0.0E+00
+1.465600E+00,-16.080E-03,-40.201E-03,-201.005E-03
+1.466800E+00,-15.578E-03,-40.201E-03,+0.0E+00
+1.468000E+00,-8.040E-03,-40.201E-03,-201.005E-03
+1.469200E+00,-8.040E-03,-77.889E-03,-188.442E-03
+1.470400E+00,+8.040E-03,-40.201E-03,-188.442E-03
+1.471600E+00,-64.322E-03,-77.889E-03,-188.442E-03
+1.472800E+00,-71.859E-03,+80.402E-03,-201.005E-03
+1.474000E+00,+232.663E-03,-80.402E-03,-402.010E-03
+1.475200E+00,-80.402E-03,-120.603E-03,+0.0E+00
+1.476400E+00,-39.698E-03,+0.0E+00,-201.005E-03
+1.477600E+00,+7.538E-03,-77.889E-03,-201.005E-03
+1.478800E+00,-31.658E-03,-40.201E-03,+0.0E+00
+1.480000E+00,-8.040E-03,+0.0E+00,-201.005E-03
+1.481200E+00,+0.0E+00,-40.201E-03,-201.005E-03
+1.482400E+00,-31.658E-03,-77.889E-03,-201.005E-03
+1.483600E+00,+0.0E+00,-40.201E-03,-201.005E-03
+1.484800E+00,-24.121E-03,-77.889E-03,-201.005E-03
+1.486000E+00,+7.538E-03,-40.201E-03,-201.005E-03
+1.487200E+00,-8.040E-03,-40.201E-03,-389.447E-03
+1.488400E+00,-7.538E-03,-37.688E-03,+0.0E+00
+1.489600E+00,+15.578E-03,-77.889E-03,+0.0E+00
+1.490800E+00,-16.080E-03,+0.0E+00,+0.0E+00
+1.492000E+00,+0.0E+00,-40.201E-03,+0.0E+00
+1.493200E+00,-24.121E-03,-77.889E-03,-188.442E-03
+1.494400E+00,-80.402E-03,+0.0E+00,-389.447E-03
+1.495600E+00,+128.643E-03,+77.889E-03,-201.005E-03
+1.496800E+00,-24.121E-03,-160.804E-03,-201.005E-03
+1.498000E+00,-64.322E-03,-40.201E-03,-201.005E-03
+1.499200E+00,+15.578E-03,-40.201E-03,-389.447E-03
+1.500400E+00,-15.578E-03,-40.201E-03,-201.005E-03
+1.501600E+00,+0.0E+00,+0.0E+00,-188.442E-03
+1.502800E+00,+0.0E+00,-40.201E-03,-188.442E-03
+1.504000E+00,-23.618E-03,+0.0E+00,-201.005E-03
+1.505200E+00,-7.538E-03,-37.688E-03,-201.005E-03
+1.506400E+00,-16.080E-03,-40.201E-03,-201.005E-03
+1.507600E+00,+0.0E+00,-40.201E-03,-201.005E-03
+1.508800E+00,-15.578E-03,-77.889E-03,-389.447E-03
+1.510000E+00,-16.080E-03,-37.688E-03,-201.005E-03
+1.511200E+00,+7.538E-03,-40.201E-03,-389.447E-03
+1.512400E+00,+7.538E-03,-80.402E-03,+0.0E+00
+1.513600E+00,-15.578E-03,+0.0E+00,+0.0E+00
+1.514800E+00,-16.080E-03,-77.889E-03,+0.0E+00
+1.516000E+00,-95.980E-03,-77.889E-03,-201.005E-03
+1.517200E+00,+16.080E-03,+158.291E-03,+0.0E+00
+1.518400E+00,+120.101E-03,-160.804E-03,-389.447E-03
+1.519600E+00,-72.362E-03,-77.889E-03,-201.005E-03
+1.520800E+00,-23.618E-03,-40.201E-03,-188.442E-03
+1.522000E+00,+8.040E-03,-77.889E-03,-201.005E-03
+1.523200E+00,-16.080E-03,-40.201E-03,+0.0E+00
+1.524400E+00,-8.040E-03,-77.889E-03,+0.0E+00
+1.525600E+00,-8.040E-03,-40.201E-03,-201.005E-03
+1.526800E+00,-23.618E-03,+0.0E+00,-389.447E-03
+1.528000E+00,+15.578E-03,+0.0E+00,-201.005E-03
+1.529200E+00,+0.0E+00,-37.688E-03,-201.005E-03
+1.530400E+00,-15.578E-03,-40.201E-03,-201.005E-03
+1.531600E+00,-16.080E-03,-77.889E-03,-201.005E-03
+1.532800E+00,-15.578E-03,-40.201E-03,-389.447E-03
+1.534000E+00,-15.578E-03,-40.201E-03,-188.442E-03
+1.535200E+00,-16.080E-03,-40.201E-03,-201.005E-03
+1.536400E+00,+8.040E-03,-40.201E-03,+0.0E+00
+1.537600E+00,-48.241E-03,-77.889E-03,-201.005E-03
+1.538800E+00,-47.739E-03,+118.090E-03,-201.005E-03
+1.540000E+00,+200.503E-03,-160.804E-03,-201.005E-03
+1.541200E+00,-72.362E-03,-80.402E-03,+0.0E+00
+1.542400E+00,-55.779E-03,+0.0E+00,+0.0E+00
+1.543600E+00,+15.578E-03,-80.402E-03,-201.005E-03
+1.544800E+00,-23.618E-03,+0.0E+00,-201.005E-03
+1.546000E+00,-15.578E-03,-40.201E-03,-201.005E-03
+1.547200E+00,-15.578E-03,-40.201E-03,+0.0E+00
+1.548400E+00,-16.080E-03,-80.402E-03,-201.005E-03
+1.549600E+00,+7.538E-03,-40.201E-03,+0.0E+00
+1.550800E+00,-16.080E-03,-77.889E-03,+0.0E+00
+1.552000E+00,+0.0E+00,-40.201E-03,-201.005E-03
+1.553200E+00,+0.0E+00,-77.889E-03,+0.0E+00
+1.554400E+00,-8.040E-03,-40.201E-03,-188.442E-03
+1.555600E+00,+0.0E+00,-40.201E-03,-201.005E-03
+1.556800E+00,-39.698E-03,-77.889E-03,-201.005E-03
+1.558000E+00,-7.538E-03,-37.688E-03,-201.005E-03
+1.559200E+00,-32.161E-03,-40.201E-03,-201.005E-03
+1.560400E+00,-71.859E-03,+0.0E+00,-201.005E-03
+1.561600E+00,+160.804E-03,+118.090E-03,-188.442E-03
+1.562800E+00,-24.121E-03,-198.492E-03,-201.005E-03
+1.564000E+00,-55.779E-03,-77.889E-03,-188.442E-03
+1.565200E+00,+8.040E-03,+0.0E+00,+0.0E+00
+1.566400E+00,-8.040E-03,-77.889E-03,-201.005E-03
+1.567600E+00,-15.578E-03,-40.201E-03,-201.005E-03
+1.568800E+00,+8.040E-03,-40.201E-03,-188.442E-03
+1.570000E+00,-8.040E-03,-40.201E-03,-188.442E-03
+1.571200E+00,-8.040E-03,-40.201E-03,-201.005E-03
+1.572400E+00,+7.538E-03,-40.201E-03,-188.442E-03
+1.573600E+00,+8.040E-03,-40.201E-03,-201.005E-03
+1.574800E+00,+7.538E-03,-40.201E-03,+0.0E+00
+1.576000E+00,+0.0E+00,+0.0E+00,-188.442E-03
+1.577200E+00,-7.538E-03,-40.201E-03,+0.0E+00
+1.578400E+00,-16.080E-03,-40.201E-03,+0.0E+00
+1.579600E+00,+0.0E+00,+0.0E+00,-201.005E-03
+1.580800E+00,+7.538E-03,-80.402E-03,-389.447E-03
+1.582000E+00,-80.402E-03,-37.688E-03,-201.005E-03
+1.583200E+00,+16.080E-03,+80.402E-03,+0.0E+00
+1.584400E+00,+87.940E-03,-201.005E-03,+0.0E+00
+1.585600E+00,-72.362E-03,-118.090E-03,+0.0E+00
+1.586800E+00,-23.618E-03,+0.0E+00,+0.0E+00
+1.588000E+00,-8.040E-03,-77.889E-03,-201.005E-03
+1.589200E+00,-24.121E-03,-37.688E-03,-201.005E-03
+1.590400E+00,-7.538E-03,-40.201E-03,-201.005E-03
+1.591600E+00,+7.538E-03,-40.201E-03,-201.005E-03
+1.592800E+00,-8.040E-03,+0.0E+00,+0.0E+00
+1.594000E+00,+0.0E+00,-40.201E-03,+0.0E+00
+1.595200E+00,-15.578E-03,+0.0E+00,-201.005E-03
+1.596400E+00,-7.538E-03,+0.0E+00,+0.0E+00
+1.597600E+00,-16.080E-03,-40.201E-03,-201.005E-03
+1.598800E+00,+8.040E-03,-40.201E-03,-201.005E-03
+1.600000E+00,-8.040E-03,-40.201E-03,-201.005E-03
+1.601200E+00,-23.618E-03,-40.201E-03,-201.005E-03
+1.602400E+00,+8.040E-03,-40.201E-03,-201.005E-03
+1.603600E+00,-64.322E-03,-37.688E-03,-201.005E-03
+1.604800E+00,-47.739E-03,+40.201E-03,-201.005E-03
+1.606000E+00,+184.422E-03,-80.402E-03,-389.447E-03
+1.607200E+00,-64.322E-03,-158.291E-03,-201.005E-03
+1.608400E+00,-32.161E-03,-40.201E-03,-201.005E-03
+1.609600E+00,-7.538E-03,-40.201E-03,-201.005E-03
+1.610800E+00,-16.080E-03,-40.201E-03,+0.0E+00
+1.612000E+00,+0.0E+00,-40.201E-03,-389.447E-03
+1.613200E+00,-23.618E-03,-40.201E-03,-188.442E-03
+1.614400E+00,-8.040E-03,-40.201E-03,-389.447E-03
+1.615600E+00,-7.538E-03,-77.889E-03,-201.005E-03
+1.616800E+00,+0.0E+00,-40.201E-03,+0.0E+00
+1.618000E+00,+0.0E+00,-40.201E-03,-188.442E-03
+1.619200E+00,-15.578E-03,-40.201E-03,-389.447E-03
+1.620400E+00,+0.0E+00,-40.201E-03,-201.005E-03
+1.621600E+00,+7.538E-03,-40.201E-03,-201.005E-03
+1.622800E+00,-8.040E-03,-77.889E-03,+0.0E+00
+1.624000E+00,+8.040E-03,+0.0E+00,-201.005E-03
+1.625200E+00,-24.121E-03,-80.402E-03,-201.005E-03
+1.626400E+00,-79.899E-03,+0.0E+00,+0.0E+00
+1.627600E+00,+144.724E-03,+77.889E-03,-201.005E-03
+1.628800E+00,-24.121E-03,-160.804E-03,-188.442E-03
+1.630000E+00,-56.281E-03,-40.201E-03,-201.005E-03
+1.631200E+00,+0.0E+00,+0.0E+00,-201.005E-03
+1.632400E+00,-24.121E-03,-40.201E-03,-201.005E-03
+1.633600E+00,-8.040E-03,+0.0E+00,-201.005E-03
+1.634800E+00,+0.0E+00,+0.0E+00,-201.005E-03
+1.636000E+00,-16.080E-03,-40.201E-03,-201.005E-03
+1.637200E+00,-7.538E-03,-77.889E-03,-201.005E-03
+1.638400E+00,-8.040E-03,-40.201E-03,-201.005E-03
+1.639600E+00,-7.538E-03,-40.201E-03,-201.005E-03
+1.640800E+00,-15.578E-03,-40.201E-03,-201.005E-03
+1.642000E+00,-7.538E-03,-40.201E-03,-201.005E-03
+1.643200E+00,+0.0E+00,-40.201E-03,-201.005E-03
+1.644400E+00,-8.040E-03,-40.201E-03,-201.005E-03
+1.645600E+00,-15.578E-03,-40.201E-03,-389.447E-03
+1.646800E+00,+0.0E+00,-40.201E-03,-188.442E-03
+1.648000E+00,-72.362E-03,-37.688E-03,-201.005E-03
+1.649200E+00,-7.538E-03,+120.603E-03,-201.005E-03
+1.650400E+00,+104.020E-03,-160.804E-03,+0.0E+00
+1.651600E+00,-72.362E-03,-40.201E-03,-201.005E-03
+1.652800E+00,-15.578E-03,+0.0E+00,+0.0E+00
+1.654000E+00,+15.578E-03,+0.0E+00,+0.0E+00
+1.655200E+00,-16.080E-03,-40.201E-03,-201.005E-03
+1.656400E+00,-8.040E-03,-40.201E-03,-201.005E-03
+1.657600E+00,-16.080E-03,-77.889E-03,-188.442E-03
+1.658800E+00,-8.040E-03,-40.201E-03,-201.005E-03
+1.660000E+00,-15.578E-03,-40.201E-03,-201.005E-03
+1.661200E+00,-8.040E-03,+0.0E+00,-201.005E-03
+1.662400E+00,-7.538E-03,-40.201E-03,-201.005E-03
+1.663600E+00,-16.080E-03,-40.201E-03,-188.442E-03
+1.664800E+00,-16.080E-03,-37.688E-03,-389.447E-03
+1.666000E+00,-8.040E-03,-40.201E-03,-201.005E-03
+1.667200E+00,-8.040E-03,+0.0E+00,-389.447E-03
+1.668400E+00,+8.040E-03,-40.201E-03,-188.442E-03
+1.669600E+00,-40.201E-03,-77.889E-03,-188.442E-03
+1.670800E+00,-32.161E-03,+40.201E-03,-201.005E-03
+1.672000E+00,+184.422E-03,-120.603E-03,-201.005E-03
+1.673200E+00,-71.859E-03,-118.090E-03,-201.005E-03
+1.674400E+00,-47.739E-03,-37.688E-03,-188.442E-03
+1.675600E+00,+0.0E+00,-40.201E-03,-201.005E-03
+1.676800E+00,-23.618E-03,+0.0E+00,-188.442E-03
+1.678000E+00,-7.538E-03,-40.201E-03,-188.442E-03
+1.679200E+00,+0.0E+00,-40.201E-03,-201.005E-03
+1.680400E+00,-16.080E-03,-40.201E-03,-201.005E-03
+1.681600E+00,+0.0E+00,-40.201E-03,-201.005E-03
+1.682800E+00,-15.578E-03,-40.201E-03,-188.442E-03
+1.684000E+00,-7.538E-03,+0.0E+00,-188.442E-03
+1.685200E+00,-8.040E-03,-40.201E-03,-201.005E-03
+1.686400E+00,-15.578E-03,-40.201E-03,-201.005E-03
+1.687600E+00,+7.538E-03,-40.201E-03,-201.005E-03
+1.688800E+00,-23.618E-03,-40.201E-03,-201.005E-03
+1.690000E+00,+7.538E-03,-37.688E-03,-188.442E-03
+1.691200E+00,-31.658E-03,-80.402E-03,+0.0E+00
+1.692400E+00,-87.940E-03,-37.688E-03,-188.442E-03
+1.693600E+00,+160.804E-03,+80.402E-03,-201.005E-03
+1.694800E+00,-8.040E-03,-198.492E-03,-201.005E-03
+1.696000E+00,-56.281E-03,-37.688E-03,-389.447E-03
+1.697200E+00,+15.578E-03,-40.201E-03,-201.005E-03
+1.698400E+00,-16.080E-03,-40.201E-03,-201.005E-03
+1.699600E+00,-7.538E-03,-40.201E-03,-201.005E-03
+1.700800E+00,+0.0E+00,-40.201E-03,-201.005E-03
+1.702000E+00,-8.040E-03,-37.688E-03,-201.005E-03
+1.703200E+00,-16.080E-03,-37.688E-03,-188.442E-03
+1.704400E+00,+0.0E+00,-77.889E-03,-201.005E-03
+1.705600E+00,-23.618E-03,-40.201E-03,-201.005E-03
+1.706800E+00,-15.578E-03,+0.0E+00,+0.0E+00
+1.708000E+00,+0.0E+00,-40.201E-03,+0.0E+00
+1.709200E+00,+15.578E-03,-40.201E-03,-201.005E-03
+1.710400E+00,-16.080E-03,-37.688E-03,-389.447E-03
+1.711600E+00,-15.578E-03,-40.201E-03,+0.0E+00
+1.712800E+00,-8.040E-03,-77.889E-03,-188.442E-03
+1.714000E+00,-72.362E-03,-37.688E-03,-201.005E-03
+1.715200E+00,+32.161E-03,+118.090E-03,-201.005E-03
+1.716400E+00,+87.940E-03,-160.804E-03,-201.005E-03
+1.717600E+00,-56.281E-03,-77.889E-03,+0.0E+00
+1.718800E+00,-8.040E-03,-37.688E-03,-201.005E-03
+1.720000E+00,+15.578E-03,-40.201E-03,-201.005E-03
+1.721200E+00,-23.618E-03,+0.0E+00,+0.0E+00
+1.722400E+00,+8.040E-03,-40.201E-03,-201.005E-03
+1.723600E+00,-15.578E-03,-40.201E-03,-201.005E-03
+1.724800E+00,-8.040E-03,-40.201E-03,-201.005E-03
+1.726000E+00,-7.538E-03,-40.201E-03,+0.0E+00
+1.727200E+00,-24.121E-03,-40.201E-03,-201.005E-03
+1.728400E+00,+0.0E+00,-37.688E-03,-389.447E-03
+1.729600E+00,-8.040E-03,-40.201E-03,-201.005E-03
+1.730800E+00,+7.538E-03,-37.688E-03,-201.005E-03
+1.732000E+00,-16.080E-03,-77.889E-03,-201.005E-03
+1.733200E+00,-8.040E-03,-40.201E-03,-201.005E-03
+1.734400E+00,+0.0E+00,-77.889E-03,-201.005E-03
+1.735600E+00,-40.201E-03,-77.889E-03,+0.0E+00
+1.736800E+00,-55.779E-03,+40.201E-03,-201.005E-03
+1.738000E+00,+176.382E-03,-120.603E-03,-389.447E-03
+1.739200E+00,-71.859E-03,-118.090E-03,-201.005E-03
+1.740400E+00,-31.658E-03,+0.0E+00,-201.005E-03
+1.741600E+00,+8.040E-03,+0.0E+00,+0.0E+00
+1.742800E+00,-16.080E-03,-40.201E-03,-188.442E-03
+1.744000E+00,-15.578E-03,-40.201E-03,-201.005E-03
+1.745200E+00,+7.538E-03,-40.201E-03,-201.005E-03
+1.746400E+00,-8.040E-03,-40.201E-03,+0.0E+00
+1.747600E+00,-8.040E-03,-40.201E-03,+0.0E+00
+1.748800E+00,+0.0E+00,-37.688E-03,-201.005E-03
+1.750000E+00,+15.578E-03,+0.0E+00,-201.005E-03
+1.751200E+00,-8.040E-03,+0.0E+00,+0.0E+00
+1.752400E+00,-8.040E-03,-40.201E-03,-188.442E-03
+1.753600E+00,-7.538E-03,-77.889E-03,-201.005E-03
+1.754800E+00,-16.080E-03,+0.0E+00,+0.0E+00
+1.756000E+00,+7.538E-03,-40.201E-03,-201.005E-03
+1.757200E+00,-40.201E-03,-80.402E-03,-188.442E-03
+1.758400E+00,-79.899E-03,+40.201E-03,+0.0E+00
+1.759600E+00,+144.724E-03,+77.889E-03,-201.005E-03
+1.760800E+00,-24.121E-03,-160.804E-03,-188.442E-03
+1.762000E+00,-47.739E-03,-40.201E-03,-201.005E-03
+1.763200E+00,+0.0E+00,-37.688E-03,+0.0E+00
+1.764400E+00,-8.040E-03,-40.201E-03,-389.447E-03
+1.765600E+00,-8.040E-03,-40.201E-03,-188.442E-03
+1.766800E+00,+7.538E-03,-77.889E-03,-201.005E-03
+1.768000E+00,-16.080E-03,-40.201E-03,-201.005E-03
+1.769200E+00,+7.538E-03,-40.201E-03,+0.0E+00
+1.770400E+00,-8.040E-03,-77.889E-03,-201.005E-03
+1.771600E+00,+0.0E+00,+0.0E+00,-201.005E-03
+1.772800E+00,-8.040E-03,-77.889E-03,-201.005E-03
+1.774000E+00,-8.040E-03,+0.0E+00,-201.005E-03
+1.775200E+00,+7.538E-03,-40.201E-03,-201.005E-03
+1.776400E+00,-24.121E-03,-77.889E-03,+0.0E+00
+1.777600E+00,-7.538E-03,-40.201E-03,-201.005E-03
+1.778800E+00,+7.538E-03,-40.201E-03,-201.005E-03
+1.780000E+00,-79.899E-03,+0.0E+00,-402.010E-03
+1.781200E+00,+24.121E-03,+120.603E-03,+0.0E+00
+1.782400E+00,+71.859E-03,-201.005E-03,+0.0E+00
+1.783600E+00,-56.281E-03,-80.402E-03,-201.005E-03
+1.784800E+00,-23.618E-03,+0.0E+00,+0.0E+00
+1.786000E+00,-8.040E-03,-40.201E-03,-201.005E-03
+1.787200E+00,-23.618E-03,-40.201E-03,-188.442E-03
+1.788400E+00,+8.040E-03,-40.201E-03,+0.0E+00
+1.789600E+00,-16.080E-03,-77.889E-03,+0.0E+00
+1.790800E+00,-15.578E-03,-40.201E-03,-201.005E-03
+1.792000E+00,+0.0E+00,-40.201E-03,-201.005E-03
+1.793200E+00,+0.0E+00,-37.688E-03,-188.442E-03
+1.794400E+00,+8.040E-03,-40.201E-03,-389.447E-03
+1.795600E+00,-15.578E-03,-40.201E-03,-201.005E-03
+1.796800E+00,+7.538E-03,-40.201E-03,-201.005E-03
+1.798000E+00,-16.080E-03,-40.201E-03,-201.005E-03
+1.799200E+00,-23.618E-03,-37.688E-03,+0.0E+00
+1.800400E+00,+15.578E-03,-77.889E-03,+0.0E+00
+1.801600E+00,-48.241E-03,-77.889E-03,-201.005E-03
+1.802800E+00,-31.658E-03,+0.0E+00,-201.005E-03
+1.804000E+00,+184.422E-03,-80.402E-03,-201.005E-03
+1.805200E+00,-56.281E-03,-158.291E-03,-188.442E-03
+1.806400E+00,-39.698E-03,+0.0E+00,+0.0E+00
+1.807600E+00,+8.040E-03,-40.201E-03,+0.0E+00
+1.808800E+00,-16.080E-03,-40.201E-03,-188.442E-03
+1.810000E+00,-15.578E-03,-40.201E-03,-201.005E-03
+1.811200E+00,-15.578E-03,-40.201E-03,-201.005E-03
+1.812400E+00,-24.121E-03,-77.889E-03,+0.0E+00
+1.813600E+00,+8.040E-03,-40.201E-03,+0.0E+00
+1.814800E+00,-8.040E-03,-40.201E-03,-201.005E-03
+1.816000E+00,+0.0E+00,-40.201E-03,+0.0E+00
+1.817200E+00,-24.121E-03,-40.201E-03,-201.005E-03
+1.818400E+00,-7.538E-03,-40.201E-03,-188.442E-03
+1.819600E+00,+7.538E-03,-40.201E-03,+0.0E+00
+1.820800E+00,-16.080E-03,-40.201E-03,+0.0E+00
+1.822000E+00,+0.0E+00,-40.201E-03,-201.005E-03
+1.823200E+00,-8.040E-03,-77.889E-03,+0.0E+00
+1.824400E+00,-64.322E-03,+37.688E-03,-188.442E-03
+1.825600E+00,+136.683E-03,+77.889E-03,-201.005E-03
+1.826800E+00,-8.040E-03,-198.492E-03,-201.005E-03
+1.828000E+00,-63.819E-03,-37.688E-03,-188.442E-03
+1.829200E+00,+0.0E+00,+0.0E+00,-201.005E-03
+1.830400E+00,-16.080E-03,-40.201E-03,-201.005E-03
+1.831600E+00,-15.578E-03,-77.889E-03,-201.005E-03
+1.832800E+00,+0.0E+00,-37.688E-03,-389.447E-03
+1.834000E+00,-15.578E-03,-77.889E-03,-188.442E-03
+1.835200E+00,-7.538E-03,-40.201E-03,-389.447E-03
+1.836400E+00,-16.080E-03,-40.201E-03,-188.442E-03
+1.837600E+00,+0.0E+00,-40.201E-03,-201.005E-03
+1.838800E+00,-8.040E-03,-40.201E-03,-201.005E-03
+1.840000E+00,-8.040E-03,-37.688E-03,-188.442E-03
+1.841200E+00,+0.0E+00,-40.201E-03,-188.442E-03
+1.842400E+00,-16.080E-03,-40.201E-03,-201.005E-03
+1.843600E+00,-15.578E-03,-37.688E-03,+0.0E+00
+1.844800E+00,-8.040E-03,-80.402E-03,-201.005E-03
+1.846000E+00,-72.362E-03,+0.0E+00,+0.0E+00
+1.847200E+00,+24.121E-03,+118.090E-03,-201.005E-03
+1.848400E+00,+63.819E-03,-120.603E-03,+0.0E+00
+1.849600E+00,-71.859E-03,-118.090E-03,-201.005E-03
+1.850800E+00,-23.618E-03,+0.0E+00,-188.442E-03
+1.852000E+00,+7.538E-03,-77.889E-03,+0.0E+00
+1.853200E+00,-16.080E-03,+0.0E+00,+0.0E+00
+1.854400E+00,+0.0E+00,-77.889E-03,-201.005E-03
+1.855600E+00,+0.0E+00,-40.201E-03,-188.442E-03
+1.856800E+00,-15.578E-03,+0.0E+00,-201.005E-03
+1.858000E+00,-8.040E-03,-40.201E-03,+0.0E+00
+1.859200E+00,-8.040E-03,-40.201E-03,-201.005E-03
+1.860400E+00,+7.538E-03,-37.688E-03,-188.442E-03
+1.861600E+00,+0.0E+00,+0.0E+00,-201.005E-03
+1.862800E+00,-15.578E-03,-77.889E-03,-201.005E-03
+1.864000E+00,-16.080E-03,-40.201E-03,-389.447E-03
+1.865200E+00,-23.618E-03,-40.201E-03,-188.442E-03
+1.866400E+00,+0.0E+00,-80.402E-03,+0.0E+00
+1.867600E+00,-32.161E-03,-40.201E-03,-188.442E-03
+1.868800E+00,-47.739E-03,+80.402E-03,-201.005E-03
+1.870000E+00,+168.342E-03,-80.402E-03,-201.005E-03
+1.871200E+00,-56.281E-03,-118.090E-03,-201.005E-03
+1.872400E+00,-39.698E-03,-40.201E-03,-201.005E-03
+1.873600E+00,+7.538E-03,+0.0E+00,-201.005E-03
+1.874800E+00,-16.080E-03,-80.402E-03,-188.442E-03
+1.876000E+00,-15.578E-03,-40.201E-03,+0.0E+00
+1.877200E+00,-7.538E-03,-40.201E-03,+0.0E+00
+1.878400E+00,-7.538E-03,+0.0E+00,-188.442E-03
+1.879600E+00,-15.578E-03,-37.688E-03,-201.005E-03
+1.880800E+00,+0.0E+00,-77.889E-03,-389.447E-03
+1.882000E+00,+8.040E-03,+0.0E+00,-201.005E-03
+1.883200E+00,-23.618E-03,-40.201E-03,+0.0E+00
+1.884400E+00,-15.578E-03,-77.889E-03,-201.005E-03
+1.885600E+00,-15.578E-03,-40.201E-03,+0.0E+00
+1.886800E+00,-23.618E-03,-40.201E-03,-201.005E-03
+1.888000E+00,+15.578E-03,-77.889E-03,-201.005E-03
+1.889200E+00,-16.080E-03,-40.201E-03,-188.442E-03
+1.890400E+00,-71.859E-03,+0.0E+00,-201.005E-03
+1.891600E+00,+128.643E-03,+77.889E-03,-188.442E-03
+1.892800E+00,+7.538E-03,-160.804E-03,-188.442E-03
+1.894000E+00,-63.819E-03,-40.201E-03,-201.005E-03
+1.895200E+00,+15.578E-03,-37.688E-03,-201.005E-03
+1.896400E+00,-15.578E-03,-40.201E-03,+0.0E+00
+1.897600E+00,-15.578E-03,-80.402E-03,-188.442E-03
+1.898800E+00,+8.040E-03,-40.201E-03,+0.0E+00
+1.900000E+00,-16.080E-03,-40.201E-03,+0.0E+00
+1.901200E+00,-23.618E-03,-40.201E-03,-188.442E-03
+1.902400E+00,+0.0E+00,-40.201E-03,-201.005E-03
+1.903600E+00,+0.0E+00,-40.201E-03,-201.005E-03
+1.904800E+00,-8.040E-03,-40.201E-03,+0.0E+00
+1.906000E+00,-15.578E-03,-77.889E-03,-201.005E-03
+1.907200E+00,+7.538E-03,-40.201E-03,-201.005E-03
+1.908400E+00,-16.080E-03,-40.201E-03,-201.005E-03
+1.909600E+00,-15.578E-03,-40.201E-03,-389.447E-03
+1.910800E+00,+0.0E+00,-80.402E-03,-188.442E-03
+1.912000E+00,-72.362E-03,-40.201E-03,+0.0E+00
+1.913200E+00,-7.538E-03,+118.090E-03,-389.447E-03
+1.914400E+00,+95.980E-03,-160.804E-03,-188.442E-03
+1.915600E+00,-71.859E-03,-80.402E-03,-188.442E-03
+1.916800E+00,-15.578E-03,-37.688E-03,+0.0E+00
+1.918000E+00,+0.0E+00,-40.201E-03,-389.447E-03
+1.919200E+00,-31.658E-03,-77.889E-03,-201.005E-03
+1.920400E+00,+0.0E+00,+0.0E+00,-201.005E-03
+1.921600E+00,-16.080E-03,+0.0E+00,-201.005E-03
+1.922800E+00,-8.040E-03,-40.201E-03,-201.005E-03
+1.924000E+00,+0.0E+00,-77.889E-03,-188.442E-03
+1.925200E+00,+0.0E+00,+0.0E+00,-201.005E-03
+1.926400E+00,+15.578E-03,-40.201E-03,+0.0E+00
+1.927600E+00,-16.080E-03,-40.201E-03,-201.005E-03
+1.928800E+00,+7.538E-03,-77.889E-03,+0.0E+00
+1.930000E+00,-23.618E-03,-40.201E-03,+0.0E+00
+1.931200E+00,-23.618E-03,+0.0E+00,-201.005E-03
+1.932400E+00,+7.538E-03,-40.201E-03,-201.005E-03
+1.933600E+00,-40.201E-03,-40.201E-03,-188.442E-03
+1.934800E+00,-47.739E-03,+40.201E-03,+0.0E+00
+1.936000E+00,+184.422E-03,-40.201E-03,-201.005E-03
+1.937200E+00,-40.201E-03,-158.291E-03,-201.005E-03
+1.938400E+00,-24.121E-03,-37.688E-03,-188.442E-03
+1.939600E+00,+0.0E+00,-37.688E-03,+0.0E+00
+1.940800E+00,-23.618E-03,-40.201E-03,+0.0E+00
+1.942000E+00,-15.578E-03,-37.688E-03,-188.442E-03
+1.943200E+00,+0.0E+00,+0.0E+00,-201.005E-03
+1.944400E+00,-24.121E-03,-40.201E-03,-188.442E-03
+1.945600E+00,+7.538E-03,-40.201E-03,-201.005E-03
+1.946800E+00,-16.080E-03,-80.402E-03,-201.005E-03
+1.948000E+00,+0.0E+00,-40.201E-03,-201.005E-03
+1.949200E+00,-23.618E-03,-40.201E-03,-201.005E-03
+1.950400E+00,-7.538E-03,-40.201E-03,+0.0E+00
+1.951600E+00,+7.538E-03,-40.201E-03,-201.005E-03
+1.952800E+00,-8.040E-03,+0.0E+00,-389.447E-03
+1.954000E+00,-7.538E-03,-40.201E-03,-201.005E-03
+1.955200E+00,-24.121E-03,-40.201E-03,-201.005E-03
+1.956400E+00,-64.322E-03,+37.688E-03,+0.0E+00
+1.957600E+00,+128.643E-03,+77.889E-03,-188.442E-03
+1.958800E+00,-24.121E-03,-120.603E-03,-188.442E-03
+1.960000E+00,-71.859E-03,-40.201E-03,-201.005E-03
+1.961200E+00,-7.538E-03,-40.201E-03,-188.442E-03
+1.962400E+00,-16.080E-03,-77.889E-03,+0.0E+00
+1.963600E+00,-8.040E-03,-40.201E-03,-201.005E-03
+1.964800E+00,+15.578E-03,+0.0E+00,-188.442E-03
+1.966000E+00,-15.578E-03,-40.201E-03,-201.005E-03
+1.967200E+00,-8.040E-03,-40.201E-03,-201.005E-03
+1.968400E+00,-16.080E-03,-80.402E-03,+0.0E+00
+1.969600E+00,-8.040E-03,-40.201E-03,+0.0E+00
+1.970800E+00,-7.538E-03,-80.402E-03,-201.005E-03
+1.972000E+00,-23.618E-03,+0.0E+00,-201.005E-03
+1.973200E+00,-15.578E-03,-40.201E-03,-201.005E-03
+1.974400E+00,-16.080E-03,-40.201E-03,-201.005E-03
+1.975600E+00,-7.538E-03,+0.0E+00,-389.447E-03
+1.976800E+00,-8.040E-03,-40.201E-03,-201.005E-03
+1.978000E+00,-64.322E-03,-37.688E-03,-201.005E-03
+1.979200E+00,+32.161E-03,+80.402E-03,-201.005E-03
+1.980400E+00,+63.819E-03,-158.291E-03,+0.0E+00
+1.981600E+00,-56.281E-03,-37.688E-03,-201.005E-03
+1.982800E+00,-15.578E-03,+0.0E+00,-188.442E-03
+1.984000E+00,-15.578E-03,-40.201E-03,-201.005E-03
+1.985200E+00,-16.080E-03,-40.201E-03,-188.442E-03
+1.986400E+00,-7.538E-03,-40.201E-03,-188.442E-03
+1.987600E+00,-24.121E-03,-40.201E-03,+0.0E+00
+1.988800E+00,-16.080E-03,-37.688E-03,-201.005E-03
+1.990000E+00,+7.538E-03,-80.402E-03,-201.005E-03
+1.991200E+00,-15.578E-03,-40.201E-03,-201.005E-03
+1.992400E+00,-15.578E-03,-37.688E-03,-201.005E-03
+1.993600E+00,+7.538E-03,-40.201E-03,-201.005E-03
+1.994800E+00,-8.040E-03,-40.201E-03,+0.0E+00
+1.996000E+00,-8.040E-03,-40.201E-03,-188.442E-03
+1.997200E+00,-15.578E-03,-40.201E-03,+0.0E+00
+1.998400E+00,+0.0E+00,+0.0E+00,-188.442E-03
+1.999600E+00,-40.201E-03,-77.889E-03,-201.005E-03
+2.000800E+00,-39.698E-03,+40.201E-03,-201.005E-03
+2.002000E+00,+160.302E-03,-40.201E-03,-201.005E-03
+2.003200E+00,-63.819E-03,-118.090E-03,+0.0E+00
+2.004400E+00,-24.121E-03,+0.0E+00,-201.005E-03
+2.005600E+00,+7.538E-03,-40.201E-03,+0.0E+00
+2.006800E+00,-16.080E-03,-40.201E-03,+0.0E+00
+2.008000E+00,+15.578E-03,-37.688E-03,-201.005E-03
+2.009200E+00,+7.538E-03,-77.889E-03,-201.005E-03
+2.010400E+00,-7.538E-03,-40.201E-03,-201.005E-03
+2.011600E+00,+7.538E-03,-40.201E-03,-201.005E-03
+2.012800E+00,-16.080E-03,-77.889E-03,+0.0E+00
+2.014000E+00,+0.0E+00,-40.201E-03,-201.005E-03
+2.015200E+00,+7.538E-03,-77.889E-03,+0.0E+00
+2.016400E+00,-23.618E-03,-40.201E-03,-201.005E-03
+2.017600E+00,-15.578E-03,-77.889E-03,-201.005E-03
+2.018800E+00,-8.040E-03,+0.0E+00,+0.0E+00
+2.020000E+00,+8.040E-03,-40.201E-03,+0.0E+00
+2.021200E+00,-24.121E-03,-77.889E-03,-201.005E-03
+2.022400E+00,-72.362E-03,-37.688E-03,-201.005E-03
+2.023600E+00,+112.563E-03,+37.688E-03,-201.005E-03
+2.024800E+00,-24.121E-03,-158.291E-03,-201.005E-03
+2.026000E+00,-55.779E-03,-37.688E-03,+0.0E+00
+2.027200E+00,-7.538E-03,+0.0E+00,-201.005E-03
+2.028400E+00,-8.040E-03,-40.201E-03,-201.005E-03
+2.029600E+00,+0.0E+00,-40.201E-03,-188.442E-03
+2.030800E+00,-7.538E-03,-40.201E-03,-201.005E-03
+2.032000E+00,-16.080E-03,-40.201E-03,-201.005E-03
+2.033200E+00,-15.578E-03,-40.201E-03,-201.005E-03
+2.034400E+00,-16.080E-03,-40.201E-03,-201.005E-03
+2.035600E+00,-15.578E-03,-40.201E-03,-201.005E-03
+2.036800E+00,+0.0E+00,-40.201E-03,-201.005E-03
+2.038000E+00,-15.578E-03,-40.201E-03,-201.005E-03
+2.039200E+00,-15.578E-03,+0.0E+00,-201.005E-03
+2.040400E+00,+0.0E+00,-40.201E-03,-201.005E-03
+2.041600E+00,-8.040E-03,-40.201E-03,-201.005E-03
+2.042800E+00,+0.0E+00,-80.402E-03,-188.442E-03
+2.044000E+00,-56.281E-03,+0.0E+00,+0.0E+00
+2.045200E+00,+32.161E-03,+77.889E-03,-188.442E-03
+2.046400E+00,+87.940E-03,-158.291E-03,+0.0E+00
+2.047600E+00,-72.362E-03,-80.402E-03,-201.005E-03
+2.048800E+00,-15.578E-03,+0.0E+00,-201.005E-03
+2.050000E+00,+0.0E+00,-40.201E-03,-201.005E-03
+2.051200E+00,-23.618E-03,-40.201E-03,-201.005E-03
+2.052400E+00,-15.578E-03,-40.201E-03,-201.005E-03
+2.053600E+00,-16.080E-03,-40.201E-03,-201.005E-03
+2.054800E+00,-23.618E-03,-40.201E-03,-201.005E-03
+2.056000E+00,-15.578E-03,-40.201E-03,+0.0E+00
+2.057200E+00,-8.040E-03,-40.201E-03,-201.005E-03
+2.058400E+00,+0.0E+00,-40.201E-03,+0.0E+00
+2.059600E+00,-15.578E-03,-40.201E-03,+0.0E+00
+2.060800E+00,-8.040E-03,-40.201E-03,-201.005E-03
+2.062000E+00,-16.080E-03,+0.0E+00,+0.0E+00
+2.063200E+00,-31.658E-03,-40.201E-03,+0.0E+00
+2.064400E+00,+7.538E-03,+0.0E+00,-188.442E-03
+2.065600E+00,-56.281E-03,-40.201E-03,+0.0E+00
+2.066800E+00,-31.658E-03,+40.201E-03,+0.0E+00
+2.068000E+00,+136.181E-03,-80.402E-03,+0.0E+00
+2.069200E+00,-56.281E-03,-80.402E-03,-201.005E-03
+2.070400E+00,-23.618E-03,-40.201E-03,+0.0E+00
+2.071600E+00,+8.040E-03,-40.201E-03,+0.0E+00
+2.072800E+00,-8.040E-03,-77.889E-03,-201.005E-03
+2.074000E+00,-23.618E-03,-40.201E-03,-188.442E-03
+2.075200E+00,-23.618E-03,-40.201E-03,-188.442E-03
+2.076400E+00,-8.040E-03,-40.201E-03,-201.005E-03
+2.077600E+00,-8.040E-03,-40.201E-03,-201.005E-03
+2.078800E+00,-15.578E-03,-40.201E-03,-389.447E-03
+2.080000E+00,+0.0E+00,+0.0E+00,+0.0E+00
+2.081200E+00,-8.040E-03,-77.889E-03,-201.005E-03
+2.082400E+00,-8.040E-03,-40.201E-03,-201.005E-03
+2.083600E+00,+7.538E-03,-40.201E-03,-201.005E-03
+2.084800E+00,-15.578E-03,-77.889E-03,-201.005E-03
+2.086000E+00,+0.0E+00,-40.201E-03,-201.005E-03
+2.087200E+00,-31.658E-03,-77.889E-03,-201.005E-03
+2.088400E+00,-71.859E-03,+0.0E+00,-188.442E-03
+2.089600E+00,+136.683E-03,+37.688E-03,+0.0E+00
+2.090800E+00,-8.040E-03,-158.291E-03,-201.005E-03
+2.092000E+00,-56.281E-03,-40.201E-03,-389.447E-03
+2.093200E+00,-15.578E-03,-40.201E-03,-188.442E-03
+2.094400E+00,-8.040E-03,-40.201E-03,-201.005E-03
+2.095600E+00,-23.618E-03,-40.201E-03,-201.005E-03
+2.096800E+00,-7.538E-03,-40.201E-03,-188.442E-03
+2.098000E+00,-8.040E-03,-77.889E-03,-201.005E-03
+2.099200E+00,+8.040E-03,+0.0E+00,+0.0E+00
+2.100400E+00,-16.080E-03,-77.889E-03,+0.0E+00
+2.101600E+00,+0.0E+00,-37.688E-03,-201.005E-03
+2.102800E+00,+0.0E+00,-77.889E-03,-201.005E-03
+2.104000E+00,+0.0E+00,-40.201E-03,-188.442E-03
+2.105200E+00,+0.0E+00,-37.688E-03,-201.005E-03
+2.106400E+00,-16.080E-03,-40.201E-03,-201.005E-03
+2.107600E+00,+0.0E+00,-40.201E-03,-201.005E-03
+2.108800E+00,+7.538E-03,-40.201E-03,-201.005E-03
+2.110000E+00,-56.281E-03,-37.688E-03,+0.0E+00
+2.111200E+00,+8.040E-03,+40.201E-03,-201.005E-03
+2.112400E+00,+79.899E-03,-120.603E-03,+0.0E+00
+2.113600E+00,-56.281E-03,-77.889E-03,-188.442E-03
+2.114800E+00,-8.040E-03,+0.0E+00,-201.005E-03
+2.116000E+00,+0.0E+00,-40.201E-03,-201.005E-03
+2.117200E+00,-16.080E-03,-40.201E-03,-201.005E-03
+2.118400E+00,-16.080E-03,-40.201E-03,-188.442E-03
+2.119600E+00,-8.040E-03,-40.201E-03,-201.005E-03
+2.120800E+00,-16.080E-03,-37.688E-03,-201.005E-03
+2.122000E+00,+7.538E-03,-40.201E-03,-201.005E-03
+2.123200E+00,-15.578E-03,+0.0E+00,-201.005E-03
+2.124400E+00,+0.0E+00,-40.201E-03,-201.005E-03
+2.125600E+00,-16.080E-03,+0.0E+00,-201.005E-03
+2.126800E+00,+0.0E+00,-40.201E-03,+0.0E+00
+2.128000E+00,-23.618E-03,-77.889E-03,-188.442E-03
+2.129200E+00,-23.618E-03,-37.688E-03,+0.0E+00
+2.130400E+00,+0.0E+00,-40.201E-03,-201.005E-03
+2.131600E+00,-48.241E-03,+0.0E+00,-201.005E-03
+2.132800E+00,-48.241E-03,+40.201E-03,-389.447E-03
+2.134000E+00,+136.181E-03,-40.201E-03,-201.005E-03
+2.135200E+00,-24.121E-03,-118.090E-03,-201.005E-03
+2.136400E+00,-39.698E-03,+0.0E+00,+0.0E+00
+2.137600E+00,+15.578E-03,-40.201E-03,-201.005E-03
+2.138800E+00,-23.618E-03,+0.0E+00,-201.005E-03
+2.140000E+00,-23.618E-03,-40.201E-03,+0.0E+00
+2.141200E+00,+0.0E+00,-40.201E-03,-201.005E-03
+2.142400E+00,-7.538E-03,+0.0E+00,+0.0E+00
+2.143600E+00,+0.0E+00,-40.201E-03,-389.447E-03
+2.144800E+00,+7.538E-03,-37.688E-03,-188.442E-03
+2.146000E+00,-15.578E-03,-40.201E-03,-201.005E-03
+2.147200E+00,-7.538E-03,-40.201E-03,-389.447E-03
+2.148400E+00,+7.538E-03,+0.0E+00,+0.0E+00
+2.149600E+00,-7.538E-03,-80.402E-03,-201.005E-03
+2.150800E+00,-16.080E-03,-40.201E-03,+0.0E+00
+2.152000E+00,+0.0E+00,-40.201E-03,-201.005E-03
+2.153200E+00,-24.121E-03,-40.201E-03,+0.0E+00
+2.154400E+00,-55.779E-03,+0.0E+00,-201.005E-03
+2.155600E+00,+112.563E-03,+37.688E-03,-201.005E-03
+2.156800E+00,+0.0E+00,-120.603E-03,-389.447E-03
+2.158000E+00,-48.241E-03,-40.201E-03,+0.0E+00
+2.159200E+00,+0.0E+00,-77.889E-03,+0.0E+00
+2.160400E+00,-16.080E-03,-40.201E-03,-188.442E-03
+2.161600E+00,+7.538E-03,-40.201E-03,-201.005E-03
+2.162800E+00,+0.0E+00,-40.201E-03,-201.005E-03
+2.164000E+00,-31.658E-03,-40.201E-03,-201.005E-03
+2.165200E+00,+0.0E+00,-40.201E-03,-201.005E-03
+2.166400E+00,-8.040E-03,-77.889E-03,-201.005E-03
+2.167600E+00,+7.538E-03,-37.688E-03,+0.0E+00
+2.168800E+00,-8.040E-03,-77.889E-03,-201.005E-03
+2.170000E+00,-23.618E-03,-40.201E-03,-201.005E-03
+2.171200E+00,+7.538E-03,-40.201E-03,+0.0E+00
+2.172400E+00,-32.161E-03,-80.402E-03,+0.0E+00
+2.173600E+00,-15.578E-03,-40.201E-03,-201.005E-03
+2.174800E+00,+0.0E+00,-40.201E-03,-201.005E-03
+2.176000E+00,-56.281E-03,-37.688E-03,-201.005E-03
+2.177200E+00,-7.538E-03,+40.201E-03,+0.0E+00
+2.178400E+00,+104.020E-03,-120.603E-03,-188.442E-03
+2.179600E+00,-56.281E-03,-40.201E-03,-201.005E-03
+2.180800E+00,-15.578E-03,-77.889E-03,-201.005E-03
+2.182000E+00,-23.618E-03,-77.889E-03,-201.005E-03
+2.183200E+00,+0.0E+00,-37.688E-03,-389.447E-03
+2.184400E+00,+0.0E+00,-77.889E-03,-188.442E-03
+2.185600E+00,-15.578E-03,+0.0E+00,-188.442E-03
+2.186800E+00,-24.121E-03,+0.0E+00,-201.005E-03
+2.188000E+00,+7.538E-03,-40.201E-03,+0.0E+00
+2.189200E+00,-15.578E-03,-37.688E-03,-201.005E-03
+2.190400E+00,+0.0E+00,-40.201E-03,-201.005E-03
+2.191600E+00,-15.578E-03,-40.201E-03,-188.442E-03
+2.192800E+00,+0.0E+00,+0.0E+00,-201.005E-03
+2.194000E+00,+0.0E+00,-37.688E-03,-201.005E-03
+2.195200E+00,-16.080E-03,-37.688E-03,+0.0E+00
+2.196400E+00,-7.538E-03,-40.201E-03,-201.005E-03
+2.197600E+00,-40.201E-03,-40.201E-03,-201.005E-03
+2.198800E+00,-39.698E-03,+40.201E-03,+0.0E+00
+2.200000E+00,+120.101E-03,-120.603E-03,-201.005E-03
+2.201200E+00,-63.819E-03,-118.090E-03,+0.0E+00
+2.202400E+00,-24.121E-03,-37.688E-03,-201.005E-03
+2.203600E+00,+0.0E+00,-40.201E-03,+0.0E+00
+2.204800E+00,-39.698E-03,+0.0E+00,-188.442E-03
+2.206000E+00,+7.538E-03,-40.201E-03,-201.005E-03
+2.207200E+00,+7.538E-03,-40.201E-03,-201.005E-03
+2.208400E+00,-16.080E-03,-40.201E-03,+0.0E+00
+2.209600E+00,+0.0E+00,-40.201E-03,-201.005E-03
+2.210800E+00,-24.121E-03,-80.402E-03,-201.005E-03
+2.212000E+00,+0.0E+00,-40.201E-03,-201.005E-03
+2.213200E+00,+0.0E+00,-40.201E-03,-201.005E-03
+2.214400E+00,-23.618E-03,-40.201E-03,-201.005E-03
+2.215600E+00,-7.538E-03,-40.201E-03,-201.005E-03
+2.216800E+00,+0.0E+00,-40.201E-03,+0.0E+00
+2.218000E+00,-23.618E-03,-37.688E-03,+0.0E+00
+2.219200E+00,-16.080E-03,-40.201E-03,+0.0E+00
+2.220400E+00,-8.040E-03,-40.201E-03,-389.447E-03
+2.221600E+00,-15.578E-03,-40.201E-03,-201.005E-03
+2.222800E+00,-16.080E-03,+0.0E+00,-201.005E-03
+2.224000E+00,+7.538E-03,-40.201E-03,-201.005E-03
+2.225200E+00,-23.618E-03,-40.201E-03,-201.005E-03
+2.226400E+00,-8.040E-03,-40.201E-03,-201.005E-03
+2.227600E+00,-15.578E-03,-40.201E-03,+0.0E+00
+2.228800E+00,-7.538E-03,-40.201E-03,-201.005E-03
+2.230000E+00,-23.618E-03,-40.201E-03,+0.0E+00
+2.231200E+00,-15.578E-03,-40.201E-03,-201.005E-03
+2.232400E+00,-16.080E-03,-40.201E-03,-389.447E-03
+2.233600E+00,-8.040E-03,-40.201E-03,+0.0E+00
+2.234800E+00,-16.080E-03,-40.201E-03,-201.005E-03
+2.236000E+00,-15.578E-03,-40.201E-03,-201.005E-03
+2.237200E+00,-23.618E-03,-37.688E-03,-201.005E-03
+2.238400E+00,+0.0E+00,-77.889E-03,-201.005E-03
+2.239600E+00,-23.618E-03,-40.201E-03,-201.005E-03
+2.240800E+00,+0.0E+00,-37.688E-03,+0.0E+00
+2.242000E+00,-7.538E-03,+0.0E+00,-188.442E-03
+2.243200E+00,-8.040E-03,+0.0E+00,+0.0E+00
+2.244400E+00,+0.0E+00,-37.688E-03,+0.0E+00
+2.245600E+00,+0.0E+00,-40.201E-03,+0.0E+00
+2.246800E+00,+0.0E+00,-40.201E-03,-188.442E-03
+2.248000E+00,-24.121E-03,-37.688E-03,+0.0E+00
+2.249200E+00,-15.578E-03,-40.201E-03,+0.0E+00
+2.250400E+00,+0.0E+00,-40.201E-03,-201.005E-03
+2.251600E+00,-15.578E-03,-40.201E-03,-201.005E-03
+2.252800E+00,-15.578E-03,-40.201E-03,-201.005E-03
+2.254000E+00,-31.658E-03,+0.0E+00,+0.0E+00
+2.255200E+00,-24.121E-03,-40.201E-03,-201.005E-03
+2.256400E+00,-15.578E-03,+0.0E+00,-188.442E-03
+2.257600E+00,-8.040E-03,-40.201E-03,-201.005E-03
+2.258800E+00,-8.040E-03,-40.201E-03,-389.447E-03
+2.260000E+00,-7.538E-03,-40.201E-03,+0.0E+00
+2.261200E+00,-23.618E-03,-40.201E-03,+0.0E+00
+2.262400E+00,-15.578E-03,-40.201E-03,-201.005E-03
+2.263600E+00,+0.0E+00,-40.201E-03,+0.0E+00
+2.264800E+00,-23.618E-03,-77.889E-03,-201.005E-03
+2.266000E+00,+0.0E+00,-40.201E-03,-201.005E-03
+2.267200E+00,-24.121E-03,-40.201E-03,-201.005E-03
+2.268400E+00,-16.080E-03,-40.201E-03,-188.442E-03
+2.269600E+00,-8.040E-03,-77.889E-03,-201.005E-03
+2.270800E+00,+0.0E+00,-40.201E-03,-188.442E-03
+2.272000E+00,-8.040E-03,-40.201E-03,-389.447E-03
+2.273200E+00,-8.040E-03,+0.0E+00,+0.0E+00
+2.274400E+00,-23.618E-03,-40.201E-03,-389.447E-03
+2.275600E+00,-8.040E-03,-40.201E-03,+0.0E+00
+2.276800E+00,-16.080E-03,-77.889E-03,-201.005E-03
+2.278000E+00,-8.040E-03,+0.0E+00,-389.447E-03
+2.279200E+00,-23.618E-03,-40.201E-03,-201.005E-03
+2.280400E+00,-15.578E-03,-37.688E-03,-201.005E-03
+2.281600E+00,-8.040E-03,-40.201E-03,-201.005E-03
+2.282800E+00,-15.578E-03,-77.889E-03,-201.005E-03
+2.284000E+00,-7.538E-03,-40.201E-03,+0.0E+00
+2.285200E+00,-15.578E-03,-40.201E-03,-201.005E-03
+2.286400E+00,-8.040E-03,-40.201E-03,-201.005E-03
+2.287600E+00,-16.080E-03,-40.201E-03,-389.447E-03
+2.288800E+00,-23.618E-03,-37.688E-03,-201.005E-03
+2.290000E+00,+0.0E+00,-40.201E-03,-201.005E-03
+2.291200E+00,-8.040E-03,-40.201E-03,-402.010E-03
+2.292400E+00,-23.618E-03,-77.889E-03,+0.0E+00
+2.293600E+00,-16.080E-03,-40.201E-03,+0.0E+00
+2.294800E+00,+0.0E+00,-40.201E-03,-201.005E-03
+2.296000E+00,+0.0E+00,+0.0E+00,-188.442E-03
+2.297200E+00,+0.0E+00,-37.688E-03,+0.0E+00
+2.298400E+00,-8.040E-03,-40.201E-03,-201.005E-03
+2.299600E+00,-23.618E-03,-40.201E-03,-201.005E-03
+2.300800E+00,-23.618E-03,-40.201E-03,+0.0E+00
